Sample,Genotype
GB0001,Genotype000
GB0002,Genotype001
GB0072,Genotype001
GB0075,Genotype001
GB0089,Genotype001
GB0100,Genotype001
GB0101,Genotype001
GB0104,Genotype001
GB0108,Genotype001
GB0115,Genotype001
GB0119,Genotype001
GB0122,Genotype001
GB0123,Genotype001
GB0126,Genotype001
GB0128,Genotype001
GB0145,Genotype001
GB0147,Genotype001
GB0152,Genotype001
GB0162,Genotype001
GB0165,Genotype001
GB0178,Genotype001
GB0179,Genotype001
GB0181,Genotype001
GB0184,Genotype001
GB0195,Genotype001
GB0196,Genotype001
GB0205,Genotype001
GB0207,Genotype001
GB0218,Genotype001
GB0221,Genotype001
GB0238,Genotype001
GB0242,Genotype001
GB0244,Genotype001
GB0245,Genotype001
GB0246,Genotype001
GB0248,Genotype001
GB0253,Genotype001
GB0254,Genotype001
GB0255,Genotype001
GB0258,Genotype001
GB0261,Genotype001
GB0267,Genotype001
GB0292,Genotype001
GB0303,Genotype001
GB0304,Genotype001
GB0325,Genotype001
GB0333,Genotype001
GB0339,Genotype001
GB0340,Genotype001
GB0355,Genotype001
GB0359,Genotype001
GB0366,Genotype001
GB0379,Genotype001
GB0388,Genotype001
GB0390,Genotype001
GB0391,Genotype001
GB0396,Genotype001
GB0397,Genotype001
GB0413,Genotype001
GB0429,Genotype001
GB0433,Genotype001
GB0435,Genotype001
GB0440,Genotype001
GB0441,Genotype001
GB0442,Genotype001
GB0443,Genotype001
GB0446,Genotype001
GB0447,Genotype001
GB0448,Genotype001
GB0450,Genotype001
GB0456,Genotype001
GB0462,Genotype001
GB0463,Genotype001
GB0468,Genotype001
GB0470,Genotype001
GB0472,Genotype001
GB0473,Genotype001
GB0474,Genotype001
GB0480,Genotype001
GB0482,Genotype001
GB0488,Genotype001
GB0491,Genotype001
GB0492,Genotype001
GB0494,Genotype001
GB0496,Genotype001
GB0498,Genotype001
GB0501,Genotype001
GB0503,Genotype001
GB0506,Genotype001
GB0521,Genotype001
GB0522,Genotype001
GB0528,Genotype001
GB0530,Genotype001
GB0533,Genotype001
GB0538,Genotype001
GB0550,Genotype001
GB0551,Genotype001
GB0552,Genotype001
GB0553,Genotype001
GB0554,Genotype001
GB0555,Genotype001
GB0557,Genotype001
GB0558,Genotype001
GB0559,Genotype001
GB0560,Genotype001
GB0561,Genotype001
GB0562,Genotype001
GB0564,Genotype001
GB0565,Genotype001
GB0566,Genotype001
GB0567,Genotype001
GB0570,Genotype001
GB0572,Genotype001
GB0573,Genotype001
GB0574,Genotype001
GB0575,Genotype001
GB0576,Genotype001
GB0577,Genotype001
GB0578,Genotype001
GB0580,Genotype001
GB0581,Genotype001
GB0583,Genotype001
GB0584,Genotype001
GB0585,Genotype001
GB0586,Genotype001
GB0589,Genotype001
GB0590,Genotype001
GB0591,Genotype001
GB0592,Genotype001
GB0594,Genotype001
GH1523,Genotype001
GH1693,Genotype001
GH1697,Genotype001
GH1701,Genotype001
GH1702,Genotype001
GH1706,Genotype001
GH1726,Genotype001
GH1731,Genotype001
GH1733,Genotype001
GH1759,Genotype001
GH1760,Genotype001
GH1763,Genotype001
ZGH0860,Genotype001
GB0003,Genotype002
GB0004,Genotype003
GB0033,Genotype003
GB0065,Genotype003
GB0090,Genotype003
GB0096,Genotype003
GB0210,Genotype003
GB0216,Genotype003
GB0320,Genotype003
GB0356,Genotype003
GB0361,Genotype003
GB0547,Genotype003
GH1685,Genotype003
GH1748,Genotype003
GH1754,Genotype003
GB0005,Genotype004
GB0021,Genotype004
GB0026,Genotype004
GB0029,Genotype004
GB0036,Genotype004
GB0037,Genotype004
GB0047,Genotype004
GB0049,Genotype004
GB0059,Genotype004
GB0060,Genotype004
GB0061,Genotype004
GB0064,Genotype004
GB0068,Genotype004
GB0069,Genotype004
GB0070,Genotype004
GB0071,Genotype004
GB0073,Genotype004
GB0074,Genotype004
GB0078,Genotype004
GB0079,Genotype004
GB0080,Genotype004
GB0081,Genotype004
GB0082,Genotype004
GB0083,Genotype004
GB0084,Genotype004
GB0085,Genotype004
GB0086,Genotype004
GB0087,Genotype004
GB0088,Genotype004
GB0091,Genotype004
GB0092,Genotype004
GB0093,Genotype004
GB0094,Genotype004
GB0097,Genotype004
GB0105,Genotype004
GB0106,Genotype004
GB0107,Genotype004
GB0112,Genotype004
GB0113,Genotype004
GB0114,Genotype004
GB0117,Genotype004
GB0118,Genotype004
GB0124,Genotype004
GB0125,Genotype004
GB0129,Genotype004
GB0131,Genotype004
GB0132,Genotype004
GB0133,Genotype004
GB0134,Genotype004
GB0135,Genotype004
GB0137,Genotype004
GB0138,Genotype004
GB0140,Genotype004
GB0141,Genotype004
GB0142,Genotype004
GB0143,Genotype004
GB0144,Genotype004
GB0146,Genotype004
GB0148,Genotype004
GB0150,Genotype004
GB0155,Genotype004
GB0157,Genotype004
GB0160,Genotype004
GB0161,Genotype004
GB0164,Genotype004
GB0166,Genotype004
GB0167,Genotype004
GB0168,Genotype004
GB0169,Genotype004
GB0170,Genotype004
GB0171,Genotype004
GB0175,Genotype004
GB0176,Genotype004
GB0177,Genotype004
GB0180,Genotype004
GB0182,Genotype004
GB0183,Genotype004
GB0185,Genotype004
GB0186,Genotype004
GB0187,Genotype004
GB0188,Genotype004
GB0191,Genotype004
GB0192,Genotype004
GB0193,Genotype004
GB0197,Genotype004
GB0198,Genotype004
GB0199,Genotype004
GB0201,Genotype004
GB0202,Genotype004
GB0203,Genotype004
GB0206,Genotype004
GB0209,Genotype004
GB0211,Genotype004
GB0212,Genotype004
GB0213,Genotype004
GB0215,Genotype004
GB0217,Genotype004
GB0219,Genotype004
GB0220,Genotype004
GB0222,Genotype004
GB0224,Genotype004
GB0225,Genotype004
GB0226,Genotype004
GB0227,Genotype004
GB0228,Genotype004
GB0230,Genotype004
GB0231,Genotype004
GB0232,Genotype004
GB0234,Genotype004
GB0235,Genotype004
GB0236,Genotype004
GB0240,Genotype004
GB0241,Genotype004
GB0243,Genotype004
GB0247,Genotype004
GB0250,Genotype004
GB0251,Genotype004
GB0252,Genotype004
GB0257,Genotype004
GB0259,Genotype004
GB0262,Genotype004
GB0264,Genotype004
GB0265,Genotype004
GB0268,Genotype004
GB0269,Genotype004
GB0270,Genotype004
GB0271,Genotype004
GB0272,Genotype004
GB0273,Genotype004
GB0274,Genotype004
GB0275,Genotype004
GB0276,Genotype004
GB0277,Genotype004
GB0278,Genotype004
GB0279,Genotype004
GB0280,Genotype004
GB0281,Genotype004
GB0282,Genotype004
GB0283,Genotype004
GB0284,Genotype004
GB0285,Genotype004
GB0286,Genotype004
GB0290,Genotype004
GB0291,Genotype004
GB0293,Genotype004
GB0294,Genotype004
GB0295,Genotype004
GB0296,Genotype004
GB0297,Genotype004
GB0298,Genotype004
GB0299,Genotype004
GB0300,Genotype004
GB0301,Genotype004
GB0305,Genotype004
GB0306,Genotype004
GB0307,Genotype004
GB0308,Genotype004
GB0309,Genotype004
GB0313,Genotype004
GB0314,Genotype004
GB0315,Genotype004
GB0317,Genotype004
GB0321,Genotype004
GB0322,Genotype004
GB0323,Genotype004
GB0326,Genotype004
GB0327,Genotype004
GB0328,Genotype004
GB0329,Genotype004
GB0331,Genotype004
GB0332,Genotype004
GB0336,Genotype004
GB0338,Genotype004
GB0341,Genotype004
GB0342,Genotype004
GB0343,Genotype004
GB0344,Genotype004
GB0346,Genotype004
GB0347,Genotype004
GB0348,Genotype004
GB0349,Genotype004
GB0350,Genotype004
GB0352,Genotype004
GB0353,Genotype004
GB0354,Genotype004
GB0357,Genotype004
GB0360,Genotype004
GB0362,Genotype004
GB0363,Genotype004
GB0364,Genotype004
GB0365,Genotype004
GB0367,Genotype004
GB0368,Genotype004
GB0369,Genotype004
GB0370,Genotype004
GB0374,Genotype004
GB0375,Genotype004
GB0376,Genotype004
GB0377,Genotype004
GB0378,Genotype004
GB0380,Genotype004
GB0381,Genotype004
GB0383,Genotype004
GB0384,Genotype004
GB0385,Genotype004
GB0386,Genotype004
GB0387,Genotype004
GB0389,Genotype004
GB0393,Genotype004
GB0394,Genotype004
GB0395,Genotype004
GB0398,Genotype004
GB0399,Genotype004
GB0400,Genotype004
GB0401,Genotype004
GB0403,Genotype004
GB0404,Genotype004
GB0405,Genotype004
GB0407,Genotype004
GB0408,Genotype004
GB0409,Genotype004
GB0410,Genotype004
GB0411,Genotype004
GB0412,Genotype004
GB0414,Genotype004
GB0415,Genotype004
GB0416,Genotype004
GB0419,Genotype004
GB0420,Genotype004
GB0421,Genotype004
GB0422,Genotype004
GB0427,Genotype004
GB0431,Genotype004
GB0432,Genotype004
GB0434,Genotype004
GB0436,Genotype004
GB0438,Genotype004
GB0444,Genotype004
GB0449,Genotype004
GB0452,Genotype004
GB0459,Genotype004
GB0466,Genotype004
GB0467,Genotype004
GB0475,Genotype004
GB0477,Genotype004
GB0478,Genotype004
GB0481,Genotype004
GB0483,Genotype004
GB0484,Genotype004
GB0489,Genotype004
GB0490,Genotype004
GB0495,Genotype004
GB0497,Genotype004
GB0499,Genotype004
GB0508,Genotype004
GB0509,Genotype004
GB0510,Genotype004
GB0511,Genotype004
GB0525,Genotype004
GB0526,Genotype004
GB0527,Genotype004
GB0529,Genotype004
GB0536,Genotype004
GB0537,Genotype004
GB0541,Genotype004
GB0542,Genotype004
GB0544,Genotype004
GB0545,Genotype004
GB0548,Genotype004
GB0549,Genotype004
GB0568,Genotype004
GB0569,Genotype004
GB0571,Genotype004
GB0579,Genotype004
GB0582,Genotype004
GB0588,Genotype004
GB0593,Genotype004
GB0595,Genotype004
GB0596,Genotype004
GB0597,Genotype004
GB0598,Genotype004
GB0599,Genotype004
GB0600,Genotype004
GB0601,Genotype004
GB0602,Genotype004
GB0603,Genotype004
GB0604,Genotype004
GB0605,Genotype004
GB0606,Genotype004
GH1692,Genotype004
GH1694,Genotype004
GH1695,Genotype004
GH1696,Genotype004
GH1698,Genotype004
GH1699,Genotype004
GH1700,Genotype004
GH1703,Genotype004
GH1704,Genotype004
GH1705,Genotype004
GH1707,Genotype004
GH1708,Genotype004
GH1709,Genotype004
GH1710,Genotype004
GH1711,Genotype004
GH1712,Genotype004
GH1713,Genotype004
GH1714,Genotype004
GH1715,Genotype004
GH1716,Genotype004
GH1717,Genotype004
GH1718,Genotype004
GH1719,Genotype004
GH1720,Genotype004
GH1721,Genotype004
GH1722,Genotype004
GH1723,Genotype004
GH1724,Genotype004
GH1725,Genotype004
GH1727,Genotype004
GH1728,Genotype004
GH1729,Genotype004
GH1730,Genotype004
GH1732,Genotype004
GH1734,Genotype004
GH1735,Genotype004
GH1736,Genotype004
GH1737,Genotype004
GH1738,Genotype004
GH1739,Genotype004
GH1740,Genotype004
GH1741,Genotype004
GH1742,Genotype004
GH1743,Genotype004
GH1744,Genotype004
GH1745,Genotype004
GH1746,Genotype004
GH1747,Genotype004
GH1749,Genotype004
GH1751,Genotype004
GH1752,Genotype004
GH1755,Genotype004
GH1756,Genotype004
GH1757,Genotype004
GH1758,Genotype004
GH1762,Genotype004
GH1764,Genotype004
GH1766,Genotype004
GH1767,Genotype004
GH1768,Genotype004
GH1805,Genotype004
GH1830,Genotype004
WILD005,Genotype004
WILD007,Genotype004
ZGH0910,Genotype004
ZGH1186,Genotype004
GB0006,Genotype005
GB0007,Genotype006
GB0008,Genotype007
GB0009,Genotype008
GB0011,Genotype008
GB0025,Genotype008
GB0031,Genotype008
GB0038,Genotype008
GB0042,Genotype008
GB0043,Genotype008
GB0055,Genotype008
GB0058,Genotype008
GB0062,Genotype008
GB0063,Genotype008
GB0067,Genotype008
GB0076,Genotype008
GB0077,Genotype008
GB0095,Genotype008
GB0099,Genotype008
GB0102,Genotype008
GB0109,Genotype008
GB0110,Genotype008
GB0111,Genotype008
GB0116,Genotype008
GB0120,Genotype008
GB0121,Genotype008
GB0127,Genotype008
GB0130,Genotype008
GB0136,Genotype008
GB0139,Genotype008
GB0151,Genotype008
GB0153,Genotype008
GB0154,Genotype008
GB0156,Genotype008
GB0158,Genotype008
GB0159,Genotype008
GB0163,Genotype008
GB0172,Genotype008
GB0173,Genotype008
GB0174,Genotype008
GB0189,Genotype008
GB0190,Genotype008
GB0194,Genotype008
GB0200,Genotype008
GB0204,Genotype008
GB0208,Genotype008
GB0214,Genotype008
GB0223,Genotype008
GB0229,Genotype008
GB0233,Genotype008
GB0237,Genotype008
GB0239,Genotype008
GB0249,Genotype008
GB0256,Genotype008
GB0260,Genotype008
GB0263,Genotype008
GB0266,Genotype008
GB0287,Genotype008
GB0288,Genotype008
GB0289,Genotype008
GB0302,Genotype008
GB0310,Genotype008
GB0311,Genotype008
GB0312,Genotype008
GB0316,Genotype008
GB0318,Genotype008
GB0319,Genotype008
GB0324,Genotype008
GB0330,Genotype008
GB0334,Genotype008
GB0335,Genotype008
GB0337,Genotype008
GB0345,Genotype008
GB0351,Genotype008
GB0358,Genotype008
GB0371,Genotype008
GB0372,Genotype008
GB0373,Genotype008
GB0392,Genotype008
GB0402,Genotype008
GB0406,Genotype008
GB0417,Genotype008
GB0418,Genotype008
GB0424,Genotype008
GB0425,Genotype008
GB0426,Genotype008
GB0428,Genotype008
GB0430,Genotype008
GB0437,Genotype008
GB0439,Genotype008
GB0445,Genotype008
GB0451,Genotype008
GB0453,Genotype008
GB0502,Genotype008
GB0505,Genotype008
GB0512,Genotype008
GB0514,Genotype008
GB0515,Genotype008
GB0516,Genotype008
GB0517,Genotype008
GB0518,Genotype008
GB0519,Genotype008
GB0520,Genotype008
GB0523,Genotype008
GB0524,Genotype008
GB0532,Genotype008
GB0534,Genotype008
GB0539,Genotype008
GB0540,Genotype008
GB0543,Genotype008
GB0607,Genotype008
GH0005,Genotype008
GH0006,Genotype008
GH0009,Genotype008
GH0010,Genotype008
GH0011,Genotype008
GH0012,Genotype008
GH0014,Genotype008
GH0016,Genotype008
GH0017,Genotype008
GH0019,Genotype008
GH0020,Genotype008
GH0021,Genotype008
GH0022,Genotype008
GH0023,Genotype008
GH0024,Genotype008
GH0026,Genotype008
GH0031,Genotype008
GH0033,Genotype008
GH0034,Genotype008
GH0036,Genotype008
GH0038,Genotype008
GH0039,Genotype008
GH0040,Genotype008
GH0047,Genotype008
GH0048,Genotype008
GH0050,Genotype008
GH0051,Genotype008
GH0053,Genotype008
GH0054,Genotype008
GH0055,Genotype008
GH0056,Genotype008
GH0060,Genotype008
GH0061,Genotype008
GH0062,Genotype008
GH0063,Genotype008
GH0064,Genotype008
GH0065,Genotype008
GH0066,Genotype008
GH0067,Genotype008
GH0087,Genotype008
GH0088,Genotype008
GH0105,Genotype008
GH0106,Genotype008
GH0108,Genotype008
GH0112,Genotype008
GH0115,Genotype008
GH0117,Genotype008
GH0118,Genotype008
GH0123,Genotype008
GH0124,Genotype008
GH0129,Genotype008
GH0130,Genotype008
GH0131,Genotype008
GH0132,Genotype008
GH0134,Genotype008
GH0137,Genotype008
GH0139,Genotype008
GH0140,Genotype008
GH0141,Genotype008
GH0142,Genotype008
GH0144,Genotype008
GH0145,Genotype008
GH0146,Genotype008
GH0148,Genotype008
GH0149,Genotype008
GH0151,Genotype008
GH0156,Genotype008
GH0157,Genotype008
GH0158,Genotype008
GH0163,Genotype008
GH0164,Genotype008
GH0165,Genotype008
GH0166,Genotype008
GH0167,Genotype008
GH0172,Genotype008
GH0174,Genotype008
GH0176,Genotype008
GH0178,Genotype008
GH0182,Genotype008
GH0194,Genotype008
GH0199,Genotype008
GH0201,Genotype008
GH0204,Genotype008
GH0208,Genotype008
GH0209,Genotype008
GH0211,Genotype008
GH0212,Genotype008
GH0217,Genotype008
GH0218,Genotype008
GH0219,Genotype008
GH0224,Genotype008
GH0229,Genotype008
GH0230,Genotype008
GH0232,Genotype008
GH0233,Genotype008
GH0236,Genotype008
GH0237,Genotype008
GH0238,Genotype008
GH0239,Genotype008
GH0240,Genotype008
GH0241,Genotype008
GH0250,Genotype008
GH0253,Genotype008
GH0256,Genotype008
GH0261,Genotype008
GH0262,Genotype008
GH0265,Genotype008
GH0268,Genotype008
GH0272,Genotype008
GH0273,Genotype008
GH0274,Genotype008
GH0275,Genotype008
GH0276,Genotype008
GH0277,Genotype008
GH0278,Genotype008
GH0279,Genotype008
GH0280,Genotype008
GH0281,Genotype008
GH0282,Genotype008
GH0284,Genotype008
GH0286,Genotype008
GH0289,Genotype008
GH0290,Genotype008
GH0301,Genotype008
GH0302,Genotype008
GH0303,Genotype008
GH0304,Genotype008
GH0305,Genotype008
GH0306,Genotype008
GH0309,Genotype008
GH0310,Genotype008
GH0311,Genotype008
GH0312,Genotype008
GH0317,Genotype008
GH0318,Genotype008
GH0319,Genotype008
GH0320,Genotype008
GH0321,Genotype008
GH0325,Genotype008
GH0326,Genotype008
GH0327,Genotype008
GH0329,Genotype008
GH0331,Genotype008
GH0335,Genotype008
GH0336,Genotype008
GH0337,Genotype008
GH0338,Genotype008
GH0339,Genotype008
GH0341,Genotype008
GH0342,Genotype008
GH0343,Genotype008
GH0345,Genotype008
GH0347,Genotype008
GH0348,Genotype008
GH0351,Genotype008
GH0352,Genotype008
GH0353,Genotype008
GH0356,Genotype008
GH0357,Genotype008
GH0359,Genotype008
GH0360,Genotype008
GH0362,Genotype008
GH0363,Genotype008
GH0364,Genotype008
GH0365,Genotype008
GH0368,Genotype008
GH0369,Genotype008
GH0371,Genotype008
GH0374,Genotype008
GH0377,Genotype008
GH0378,Genotype008
GH0380,Genotype008
GH0381,Genotype008
GH0382,Genotype008
GH0383,Genotype008
GH0384,Genotype008
GH0385,Genotype008
GH0386,Genotype008
GH0389,Genotype008
GH0390,Genotype008
GH0393,Genotype008
GH0396,Genotype008
GH0398,Genotype008
GH0399,Genotype008
GH0400,Genotype008
GH0401,Genotype008
GH0403,Genotype008
GH0404,Genotype008
GH0407,Genotype008
GH0408,Genotype008
GH0409,Genotype008
GH0410,Genotype008
GH0411,Genotype008
GH0412,Genotype008
GH0414,Genotype008
GH0415,Genotype008
GH0416,Genotype008
GH0417,Genotype008
GH0419,Genotype008
GH0420,Genotype008
GH0421,Genotype008
GH0424,Genotype008
GH0425,Genotype008
GH0426,Genotype008
GH0427,Genotype008
GH0428,Genotype008
GH0430,Genotype008
GH0433,Genotype008
GH0436,Genotype008
GH0437,Genotype008
GH0440,Genotype008
GH0441,Genotype008
GH0444,Genotype008
GH0445,Genotype008
GH0446,Genotype008
GH0447,Genotype008
GH0450,Genotype008
GH0451,Genotype008
GH0452,Genotype008
GH0453,Genotype008
GH0455,Genotype008
GH0456,Genotype008
GH0459,Genotype008
GH0463,Genotype008
GH0465,Genotype008
GH0466,Genotype008
GH0469,Genotype008
GH0470,Genotype008
GH0471,Genotype008
GH0472,Genotype008
GH0475,Genotype008
GH0476,Genotype008
GH0477,Genotype008
GH0478,Genotype008
GH0483,Genotype008
GH0484,Genotype008
GH0486,Genotype008
GH0487,Genotype008
GH0488,Genotype008
GH0490,Genotype008
GH0491,Genotype008
GH0493,Genotype008
GH0494,Genotype008
GH0495,Genotype008
GH0496,Genotype008
GH0497,Genotype008
GH0498,Genotype008
GH0499,Genotype008
GH0500,Genotype008
GH0501,Genotype008
GH0502,Genotype008
GH0503,Genotype008
GH0504,Genotype008
GH0505,Genotype008
GH0506,Genotype008
GH0508,Genotype008
GH0512,Genotype008
GH0513,Genotype008
GH0515,Genotype008
GH0516,Genotype008
GH0517,Genotype008
GH0519,Genotype008
GH0520,Genotype008
GH0521,Genotype008
GH0522,Genotype008
GH0523,Genotype008
GH0524,Genotype008
GH0525,Genotype008
GH0526,Genotype008
GH0527,Genotype008
GH0528,Genotype008
GH0529,Genotype008
GH0530,Genotype008
GH0531,Genotype008
GH0532,Genotype008
GH0533,Genotype008
GH0536,Genotype008
GH0539,Genotype008
GH0541,Genotype008
GH0542,Genotype008
GH0547,Genotype008
GH0548,Genotype008
GH0550,Genotype008
GH0551,Genotype008
GH0553,Genotype008
GH0554,Genotype008
GH0555,Genotype008
GH0557,Genotype008
GH0558,Genotype008
GH0559,Genotype008
GH0560,Genotype008
GH0561,Genotype008
GH0562,Genotype008
GH0563,Genotype008
GH0564,Genotype008
GH0565,Genotype008
GH0566,Genotype008
GH0567,Genotype008
GH0568,Genotype008
GH0569,Genotype008
GH0570,Genotype008
GH0571,Genotype008
GH0572,Genotype008
GH0573,Genotype008
GH0574,Genotype008
GH0575,Genotype008
GH0576,Genotype008
GH0577,Genotype008
GH0578,Genotype008
GH0579,Genotype008
GH0580,Genotype008
GH0581,Genotype008
GH0582,Genotype008
GH0583,Genotype008
GH0585,Genotype008
GH0586,Genotype008
GH0587,Genotype008
GH0590,Genotype008
GH0591,Genotype008
GH0594,Genotype008
GH0595,Genotype008
GH0597,Genotype008
GH0598,Genotype008
GH0599,Genotype008
GH0601,Genotype008
GH0604,Genotype008
GH0605,Genotype008
GH0606,Genotype008
GH0607,Genotype008
GH0608,Genotype008
GH0609,Genotype008
GH0610,Genotype008
GH0611,Genotype008
GH0612,Genotype008
GH0613,Genotype008
GH0614,Genotype008
GH0615,Genotype008
GH0616,Genotype008
GH0617,Genotype008
GH0618,Genotype008
GH0619,Genotype008
GH0620,Genotype008
GH0621,Genotype008
GH0623,Genotype008
GH0624,Genotype008
GH0625,Genotype008
GH0626,Genotype008
GH0627,Genotype008
GH0628,Genotype008
GH0629,Genotype008
GH0630,Genotype008
GH0631,Genotype008
GH0632,Genotype008
GH0633,Genotype008
GH0634,Genotype008
GH0637,Genotype008
GH0640,Genotype008
GH0641,Genotype008
GH0642,Genotype008
GH0645,Genotype008
GH0646,Genotype008
GH0650,Genotype008
GH0651,Genotype008
GH0653,Genotype008
GH0655,Genotype008
GH0656,Genotype008
GH0657,Genotype008
GH0658,Genotype008
GH0660,Genotype008
GH0661,Genotype008
GH0662,Genotype008
GH0663,Genotype008
GH0664,Genotype008
GH0665,Genotype008
GH0666,Genotype008
GH0667,Genotype008
GH0668,Genotype008
GH0669,Genotype008
GH0670,Genotype008
GH0671,Genotype008
GH0672,Genotype008
GH0673,Genotype008
GH0674,Genotype008
GH0675,Genotype008
GH0676,Genotype008
GH0677,Genotype008
GH0678,Genotype008
GH0679,Genotype008
GH0680,Genotype008
GH0681,Genotype008
GH0682,Genotype008
GH0683,Genotype008
GH0684,Genotype008
GH0685,Genotype008
GH0686,Genotype008
GH0687,Genotype008
GH0688,Genotype008
GH0689,Genotype008
GH0690,Genotype008
GH0691,Genotype008
GH0692,Genotype008
GH0693,Genotype008
GH0694,Genotype008
GH0695,Genotype008
GH0696,Genotype008
GH0697,Genotype008
GH0699,Genotype008
GH0703,Genotype008
GH0708,Genotype008
GH0710,Genotype008
GH0711,Genotype008
GH0713,Genotype008
GH0714,Genotype008
GH0716,Genotype008
GH0717,Genotype008
GH0721,Genotype008
GH0722,Genotype008
GH0723,Genotype008
GH0724,Genotype008
GH0726,Genotype008
GH0727,Genotype008
GH0728,Genotype008
GH0730,Genotype008
GH0731,Genotype008
GH0733,Genotype008
GH0735,Genotype008
GH0738,Genotype008
GH0740,Genotype008
GH0742,Genotype008
GH0744,Genotype008
GH0746,Genotype008
GH0747,Genotype008
GH0748,Genotype008
GH0754,Genotype008
GH0755,Genotype008
GH0759,Genotype008
GH0761,Genotype008
GH0762,Genotype008
GH0765,Genotype008
GH0767,Genotype008
GH0768,Genotype008
GH0772,Genotype008
GH0774,Genotype008
GH0777,Genotype008
GH0778,Genotype008
GH0780,Genotype008
GH0781,Genotype008
GH0782,Genotype008
GH0785,Genotype008
GH0786,Genotype008
GH0787,Genotype008
GH0788,Genotype008
GH0789,Genotype008
GH0790,Genotype008
GH0791,Genotype008
GH0794,Genotype008
GH0795,Genotype008
GH0796,Genotype008
GH0799,Genotype008
GH0803,Genotype008
GH0808,Genotype008
GH0818,Genotype008
GH0820,Genotype008
GH0829,Genotype008
GH0835,Genotype008
GH0836,Genotype008
GH0837,Genotype008
GH0840,Genotype008
GH0843,Genotype008
GH0845,Genotype008
GH0846,Genotype008
GH0847,Genotype008
GH0850,Genotype008
GH0852,Genotype008
GH0864,Genotype008
GH0869,Genotype008
GH0871,Genotype008
GH0875,Genotype008
GH0880,Genotype008
GH0885,Genotype008
GH0886,Genotype008
GH0890,Genotype008
GH0894,Genotype008
GH0896,Genotype008
GH0902,Genotype008
GH0909,Genotype008
GH0912,Genotype008
GH0920,Genotype008
GH0921,Genotype008
GH0929,Genotype008
GH0933,Genotype008
GH0935,Genotype008
GH0937,Genotype008
GH0942,Genotype008
GH0949,Genotype008
GH0950,Genotype008
GH0953,Genotype008
GH0954,Genotype008
GH0955,Genotype008
GH0960,Genotype008
GH0963,Genotype008
GH0964,Genotype008
GH0966,Genotype008
GH0967,Genotype008
GH0970,Genotype008
GH0972,Genotype008
GH0975,Genotype008
GH0976,Genotype008
GH0977,Genotype008
GH0979,Genotype008
GH0982,Genotype008
GH0983,Genotype008
GH0985,Genotype008
GH0988,Genotype008
GH0989,Genotype008
GH0992,Genotype008
GH0993,Genotype008
GH0994,Genotype008
GH0995,Genotype008
GH0998,Genotype008
GH1000,Genotype008
GH1001,Genotype008
GH1003,Genotype008
GH1004,Genotype008
GH1005,Genotype008
GH1008,Genotype008
GH1009,Genotype008
GH1010,Genotype008
GH1011,Genotype008
GH1012,Genotype008
GH1013,Genotype008
GH1015,Genotype008
GH1016,Genotype008
GH1017,Genotype008
GH1023,Genotype008
GH1024,Genotype008
GH1027,Genotype008
GH1033,Genotype008
GH1034,Genotype008
GH1035,Genotype008
GH1038,Genotype008
GH1041,Genotype008
GH1048,Genotype008
GH1053,Genotype008
GH1054,Genotype008
GH1056,Genotype008
GH1057,Genotype008
GH1060,Genotype008
GH1064,Genotype008
GH1076,Genotype008
GH1078,Genotype008
GH1080,Genotype008
GH1082,Genotype008
GH1085,Genotype008
GH1087,Genotype008
GH1088,Genotype008
GH1090,Genotype008
GH1092,Genotype008
GH1094,Genotype008
GH1095,Genotype008
GH1097,Genotype008
GH1099,Genotype008
GH1101,Genotype008
GH1102,Genotype008
GH1103,Genotype008
GH1112,Genotype008
GH1113,Genotype008
GH1116,Genotype008
GH1119,Genotype008
GH1121,Genotype008
GH1122,Genotype008
GH1123,Genotype008
GH1127,Genotype008
GH1130,Genotype008
GH1131,Genotype008
GH1132,Genotype008
GH1133,Genotype008
GH1135,Genotype008
GH1136,Genotype008
GH1138,Genotype008
GH1141,Genotype008
GH1142,Genotype008
GH1145,Genotype008
GH1147,Genotype008
GH1148,Genotype008
GH1149,Genotype008
GH1150,Genotype008
GH1151,Genotype008
GH1152,Genotype008
GH1153,Genotype008
GH1155,Genotype008
GH1156,Genotype008
GH1158,Genotype008
GH1161,Genotype008
GH1164,Genotype008
GH1165,Genotype008
GH1169,Genotype008
GH1172,Genotype008
GH1173,Genotype008
GH1174,Genotype008
GH1175,Genotype008
GH1176,Genotype008
GH1177,Genotype008
GH1178,Genotype008
GH1179,Genotype008
GH1180,Genotype008
GH1183,Genotype008
GH1184,Genotype008
GH1186,Genotype008
GH1187,Genotype008
GH1188,Genotype008
GH1190,Genotype008
GH1191,Genotype008
GH1193,Genotype008
GH1194,Genotype008
GH1195,Genotype008
GH1196,Genotype008
GH1197,Genotype008
GH1198,Genotype008
GH1199,Genotype008
GH1200,Genotype008
GH1201,Genotype008
GH1204,Genotype008
GH1206,Genotype008
GH1207,Genotype008
GH1208,Genotype008
GH1209,Genotype008
GH1210,Genotype008
GH1211,Genotype008
GH1213,Genotype008
GH1214,Genotype008
GH1222,Genotype008
GH1226,Genotype008
GH1227,Genotype008
GH1229,Genotype008
GH1230,Genotype008
GH1231,Genotype008
GH1232,Genotype008
GH1233,Genotype008
GH1235,Genotype008
GH1237,Genotype008
GH1238,Genotype008
GH1240,Genotype008
GH1242,Genotype008
GH1243,Genotype008
GH1244,Genotype008
GH1245,Genotype008
GH1247,Genotype008
GH1256,Genotype008
GH1267,Genotype008
GH1268,Genotype008
GH1272,Genotype008
GH1273,Genotype008
GH1275,Genotype008
GH1276,Genotype008
GH1277,Genotype008
GH1279,Genotype008
GH1281,Genotype008
GH1283,Genotype008
GH1284,Genotype008
GH1286,Genotype008
GH1287,Genotype008
GH1289,Genotype008
GH1293,Genotype008
GH1295,Genotype008
GH1296,Genotype008
GH1297,Genotype008
GH1298,Genotype008
GH1300,Genotype008
GH1301,Genotype008
GH1302,Genotype008
GH1309,Genotype008
GH1314,Genotype008
GH1316,Genotype008
GH1318,Genotype008
GH1322,Genotype008
GH1327,Genotype008
GH1328,Genotype008
GH1329,Genotype008
GH1331,Genotype008
GH1334,Genotype008
GH1336,Genotype008
GH1337,Genotype008
GH1341,Genotype008
GH1342,Genotype008
GH1344,Genotype008
GH1346,Genotype008
GH1347,Genotype008
GH1349,Genotype008
GH1352,Genotype008
GH1355,Genotype008
GH1357,Genotype008
GH1358,Genotype008
GH1360,Genotype008
GH1361,Genotype008
GH1363,Genotype008
GH1366,Genotype008
GH1369,Genotype008
GH1371,Genotype008
GH1372,Genotype008
GH1373,Genotype008
GH1375,Genotype008
GH1376,Genotype008
GH1377,Genotype008
GH1378,Genotype008
GH1380,Genotype008
GH1381,Genotype008
GH1382,Genotype008
GH1383,Genotype008
GH1384,Genotype008
GH1386,Genotype008
GH1387,Genotype008
GH1390,Genotype008
GH1392,Genotype008
GH1393,Genotype008
GH1396,Genotype008
GH1397,Genotype008
GH1398,Genotype008
GH1399,Genotype008
GH1401,Genotype008
GH1402,Genotype008
GH1404,Genotype008
GH1405,Genotype008
GH1406,Genotype008
GH1409,Genotype008
GH1410,Genotype008
GH1411,Genotype008
GH1412,Genotype008
GH1413,Genotype008
GH1414,Genotype008
GH1415,Genotype008
GH1417,Genotype008
GH1418,Genotype008
GH1419,Genotype008
GH1420,Genotype008
GH1421,Genotype008
GH1423,Genotype008
GH1424,Genotype008
GH1426,Genotype008
GH1433,Genotype008
GH1439,Genotype008
GH1440,Genotype008
GH1441,Genotype008
GH1444,Genotype008
GH1445,Genotype008
GH1447,Genotype008
GH1451,Genotype008
GH1453,Genotype008
GH1454,Genotype008
GH1457,Genotype008
GH1458,Genotype008
GH1463,Genotype008
GH1466,Genotype008
GH1467,Genotype008
GH1468,Genotype008
GH1469,Genotype008
GH1470,Genotype008
GH1471,Genotype008
GH1472,Genotype008
GH1473,Genotype008
GH1475,Genotype008
GH1477,Genotype008
GH1478,Genotype008
GH1479,Genotype008
GH1480,Genotype008
GH1481,Genotype008
GH1482,Genotype008
GH1483,Genotype008
GH1484,Genotype008
GH1485,Genotype008
GH1486,Genotype008
GH1487,Genotype008
GH1488,Genotype008
GH1489,Genotype008
GH1490,Genotype008
GH1491,Genotype008
GH1492,Genotype008
GH1493,Genotype008
GH1494,Genotype008
GH1495,Genotype008
GH1496,Genotype008
GH1497,Genotype008
GH1498,Genotype008
GH1499,Genotype008
GH1500,Genotype008
GH1501,Genotype008
GH1502,Genotype008
GH1503,Genotype008
GH1504,Genotype008
GH1505,Genotype008
GH1506,Genotype008
GH1507,Genotype008
GH1509,Genotype008
GH1510,Genotype008
GH1511,Genotype008
GH1512,Genotype008
GH1513,Genotype008
GH1514,Genotype008
GH1515,Genotype008
GH1517,Genotype008
GH1518,Genotype008
GH1519,Genotype008
GH1531,Genotype008
GH1535,Genotype008
GH1536,Genotype008
GH1537,Genotype008
GH1538,Genotype008
GH1540,Genotype008
GH1541,Genotype008
GH1543,Genotype008
GH1545,Genotype008
GH1547,Genotype008
GH1550,Genotype008
GH1556,Genotype008
GH1559,Genotype008
GH1561,Genotype008
GH1562,Genotype008
GH1567,Genotype008
GH1568,Genotype008
GH1569,Genotype008
GH1586,Genotype008
GH1594,Genotype008
GH1603,Genotype008
GH1606,Genotype008
GH1608,Genotype008
GH1609,Genotype008
GH1613,Genotype008
GH1615,Genotype008
GH1618,Genotype008
GH1619,Genotype008
GH1620,Genotype008
GH1621,Genotype008
GH1625,Genotype008
GH1629,Genotype008
GH1632,Genotype008
GH1633,Genotype008
GH1634,Genotype008
GH1635,Genotype008
GH1636,Genotype008
GH1638,Genotype008
GH1639,Genotype008
GH1641,Genotype008
GH1643,Genotype008
GH1644,Genotype008
GH1645,Genotype008
GH1647,Genotype008
GH1648,Genotype008
GH1650,Genotype008
GH1651,Genotype008
GH1652,Genotype008
GH1653,Genotype008
GH1654,Genotype008
GH1662,Genotype008
GH1664,Genotype008
GH1665,Genotype008
GH1667,Genotype008
GH1668,Genotype008
GH1669,Genotype008
GH1671,Genotype008
GH1672,Genotype008
GH1673,Genotype008
GH1674,Genotype008
GH1675,Genotype008
GH1676,Genotype008
GH1678,Genotype008
GH1679,Genotype008
GH1680,Genotype008
GH1681,Genotype008
GH1682,Genotype008
GH1686,Genotype008
GH1687,Genotype008
GH1689,Genotype008
GH1690,Genotype008
GH1691,Genotype008
GH1753,Genotype008
GH1761,Genotype008
GH1765,Genotype008
GH1771,Genotype008
GH1775,Genotype008
GH1776,Genotype008
GH1777,Genotype008
GH1780,Genotype008
GH1781,Genotype008
GH1786,Genotype008
GH1788,Genotype008
GH1790,Genotype008
GH1797,Genotype008
GH1798,Genotype008
GH1799,Genotype008
GH1800,Genotype008
GH1801,Genotype008
GH1803,Genotype008
GH1806,Genotype008
GH1812,Genotype008
GH1815,Genotype008
GH1816,Genotype008
GH1817,Genotype008
GH1818,Genotype008
GH1821,Genotype008
GH1822,Genotype008
GH1823,Genotype008
GH1824,Genotype008
GH1826,Genotype008
GH1828,Genotype008
GH1829,Genotype008
GH1831,Genotype008
GH1832,Genotype008
GH1833,Genotype008
GH1835,Genotype008
GH1837,Genotype008
GH1838,Genotype008
GH1839,Genotype008
GH1840,Genotype008
GH1841,Genotype008
GH1843,Genotype008
GH1845,Genotype008
GH1848,Genotype008
GH1849,Genotype008
GH1851,Genotype008
GH1852,Genotype008
GH1853,Genotype008
GH1854,Genotype008
GH1855,Genotype008
GH1856,Genotype008
GH1857,Genotype008
GH1858,Genotype008
GH1862,Genotype008
GH1863,Genotype008
GH1864,Genotype008
GH1869,Genotype008
GH1877,Genotype008
GH1879,Genotype008
GH1881,Genotype008
GH1882,Genotype008
GH1883,Genotype008
GH1884,Genotype008
GH1886,Genotype008
GH1887,Genotype008
GH1888,Genotype008
GH1890,Genotype008
GH1891,Genotype008
GH1892,Genotype008
GH1896,Genotype008
GH1899,Genotype008
GH1900,Genotype008
GH1903,Genotype008
GH1906,Genotype008
GH1910,Genotype008
GHL004,Genotype008
GHL007,Genotype008
GHL008,Genotype008
GHL009,Genotype008
GHL010,Genotype008
GHL011,Genotype008
GHL012,Genotype008
GHL014,Genotype008
GHL015,Genotype008
GHL016,Genotype008
GHL017,Genotype008
GHL019,Genotype008
GHL023,Genotype008
GHL025,Genotype008
GHL027,Genotype008
GHL028,Genotype008
GHL032,Genotype008
ZGH0004,Genotype008
ZGH0009,Genotype008
ZGH0014,Genotype008
ZGH0016,Genotype008
ZGH0017,Genotype008
ZGH0019,Genotype008
ZGH0021,Genotype008
ZGH0033,Genotype008
ZGH0037,Genotype008
ZGH0038,Genotype008
ZGH0039,Genotype008
ZGH0040,Genotype008
ZGH0041,Genotype008
ZGH0043,Genotype008
ZGH0045,Genotype008
ZGH0047,Genotype008
ZGH0048,Genotype008
ZGH0049,Genotype008
ZGH0054,Genotype008
ZGH0055,Genotype008
ZGH0060,Genotype008
ZGH0061,Genotype008
ZGH0064,Genotype008
ZGH0067,Genotype008
ZGH0072,Genotype008
ZGH0074,Genotype008
ZGH0075,Genotype008
ZGH0076,Genotype008
ZGH0078,Genotype008
ZGH0079,Genotype008
ZGH0080,Genotype008
ZGH0082,Genotype008
ZGH0083,Genotype008
ZGH0086,Genotype008
ZGH0087,Genotype008
ZGH0088,Genotype008
ZGH0089,Genotype008
ZGH0091,Genotype008
ZGH0092,Genotype008
ZGH0094,Genotype008
ZGH0097,Genotype008
ZGH0098,Genotype008
ZGH0101,Genotype008
ZGH0106,Genotype008
ZGH0107,Genotype008
ZGH0110,Genotype008
ZGH0112,Genotype008
ZGH0114,Genotype008
ZGH0116,Genotype008
ZGH0117,Genotype008
ZGH0119,Genotype008
ZGH0125,Genotype008
ZGH0128,Genotype008
ZGH0131,Genotype008
ZGH0133,Genotype008
ZGH0134,Genotype008
ZGH0136,Genotype008
ZGH0137,Genotype008
ZGH0138,Genotype008
ZGH0139,Genotype008
ZGH0142,Genotype008
ZGH0143,Genotype008
ZGH0146,Genotype008
ZGH0147,Genotype008
ZGH0150,Genotype008
ZGH0152,Genotype008
ZGH0153,Genotype008
ZGH0155,Genotype008
ZGH0156,Genotype008
ZGH0157,Genotype008
ZGH0159,Genotype008
ZGH0161,Genotype008
ZGH0166,Genotype008
ZGH0167,Genotype008
ZGH0168,Genotype008
ZGH0173,Genotype008
ZGH0176,Genotype008
ZGH0177,Genotype008
ZGH0180,Genotype008
ZGH0182,Genotype008
ZGH0183,Genotype008
ZGH0184,Genotype008
ZGH0185,Genotype008
ZGH0188,Genotype008
ZGH0189,Genotype008
ZGH0190,Genotype008
ZGH0192,Genotype008
ZGH0194,Genotype008
ZGH0195,Genotype008
ZGH0197,Genotype008
ZGH0198,Genotype008
ZGH0199,Genotype008
ZGH0200,Genotype008
ZGH0206,Genotype008
ZGH0207,Genotype008
ZGH0211,Genotype008
ZGH0215,Genotype008
ZGH0216,Genotype008
ZGH0219,Genotype008
ZGH0220,Genotype008
ZGH0221,Genotype008
ZGH0225,Genotype008
ZGH0227,Genotype008
ZGH0229,Genotype008
ZGH0232,Genotype008
ZGH0233,Genotype008
ZGH0235,Genotype008
ZGH0237,Genotype008
ZGH0238,Genotype008
ZGH0239,Genotype008
ZGH0240,Genotype008
ZGH0242,Genotype008
ZGH0244,Genotype008
ZGH0245,Genotype008
ZGH0249,Genotype008
ZGH0250,Genotype008
ZGH0251,Genotype008
ZGH0254,Genotype008
ZGH0255,Genotype008
ZGH0256,Genotype008
ZGH0257,Genotype008
ZGH0258,Genotype008
ZGH0260,Genotype008
ZGH0264,Genotype008
ZGH0267,Genotype008
ZGH0269,Genotype008
ZGH0271,Genotype008
ZGH0276,Genotype008
ZGH0277,Genotype008
ZGH0279,Genotype008
ZGH0280,Genotype008
ZGH0281,Genotype008
ZGH0283,Genotype008
ZGH0287,Genotype008
ZGH0293,Genotype008
ZGH0295,Genotype008
ZGH0296,Genotype008
ZGH0299,Genotype008
ZGH0302,Genotype008
ZGH0303,Genotype008
ZGH0306,Genotype008
ZGH0308,Genotype008
ZGH0310,Genotype008
ZGH0311,Genotype008
ZGH0313,Genotype008
ZGH0319,Genotype008
ZGH0322,Genotype008
ZGH0328,Genotype008
ZGH0329,Genotype008
ZGH0330,Genotype008
ZGH0331,Genotype008
ZGH0333,Genotype008
ZGH0334,Genotype008
ZGH0336,Genotype008
ZGH0337,Genotype008
ZGH0338,Genotype008
ZGH0339,Genotype008
ZGH0340,Genotype008
ZGH0342,Genotype008
ZGH0343,Genotype008
ZGH0344,Genotype008
ZGH0347,Genotype008
ZGH0348,Genotype008
ZGH0349,Genotype008
ZGH0351,Genotype008
ZGH0352,Genotype008
ZGH0360,Genotype008
ZGH0363,Genotype008
ZGH0364,Genotype008
ZGH0365,Genotype008
ZGH0366,Genotype008
ZGH0367,Genotype008
ZGH0368,Genotype008
ZGH0369,Genotype008
ZGH0372,Genotype008
ZGH0375,Genotype008
ZGH0376,Genotype008
ZGH0378,Genotype008
ZGH0389,Genotype008
ZGH0390,Genotype008
ZGH0393,Genotype008
ZGH0394,Genotype008
ZGH0398,Genotype008
ZGH0399,Genotype008
ZGH0400,Genotype008
ZGH0401,Genotype008
ZGH0402,Genotype008
ZGH0403,Genotype008
ZGH0404,Genotype008
ZGH0405,Genotype008
ZGH0409,Genotype008
ZGH0413,Genotype008
ZGH0414,Genotype008
ZGH0415,Genotype008
ZGH0416,Genotype008
ZGH0418,Genotype008
ZGH0421,Genotype008
ZGH0422,Genotype008
ZGH0423,Genotype008
ZGH0424,Genotype008
ZGH0434,Genotype008
ZGH0435,Genotype008
ZGH0436,Genotype008
ZGH0438,Genotype008
ZGH0440,Genotype008
ZGH0441,Genotype008
ZGH0442,Genotype008
ZGH0446,Genotype008
ZGH0447,Genotype008
ZGH0449,Genotype008
ZGH0450,Genotype008
ZGH0452,Genotype008
ZGH0454,Genotype008
ZGH0455,Genotype008
ZGH0456,Genotype008
ZGH0458,Genotype008
ZGH0459,Genotype008
ZGH0463,Genotype008
ZGH0464,Genotype008
ZGH0468,Genotype008
ZGH0469,Genotype008
ZGH0471,Genotype008
ZGH0472,Genotype008
ZGH0474,Genotype008
ZGH0476,Genotype008
ZGH0480,Genotype008
ZGH0482,Genotype008
ZGH0484,Genotype008
ZGH0485,Genotype008
ZGH0486,Genotype008
ZGH0487,Genotype008
ZGH0489,Genotype008
ZGH0491,Genotype008
ZGH0500,Genotype008
ZGH0501,Genotype008
ZGH0502,Genotype008
ZGH0505,Genotype008
ZGH0508,Genotype008
ZGH0509,Genotype008
ZGH0511,Genotype008
ZGH0512,Genotype008
ZGH0513,Genotype008
ZGH0514,Genotype008
ZGH0515,Genotype008
ZGH0517,Genotype008
ZGH0519,Genotype008
ZGH0520,Genotype008
ZGH0521,Genotype008
ZGH0522,Genotype008
ZGH0523,Genotype008
ZGH0524,Genotype008
ZGH0525,Genotype008
ZGH0529,Genotype008
ZGH0530,Genotype008
ZGH0532,Genotype008
ZGH0533,Genotype008
ZGH0535,Genotype008
ZGH0536,Genotype008
ZGH0538,Genotype008
ZGH0539,Genotype008
ZGH0540,Genotype008
ZGH0541,Genotype008
ZGH0542,Genotype008
ZGH0543,Genotype008
ZGH0545,Genotype008
ZGH0546,Genotype008
ZGH0548,Genotype008
ZGH0552,Genotype008
ZGH0553,Genotype008
ZGH0554,Genotype008
ZGH0555,Genotype008
ZGH0556,Genotype008
ZGH0557,Genotype008
ZGH0560,Genotype008
ZGH0561,Genotype008
ZGH0565,Genotype008
ZGH0570,Genotype008
ZGH0571,Genotype008
ZGH0572,Genotype008
ZGH0574,Genotype008
ZGH0576,Genotype008
ZGH0578,Genotype008
ZGH0580,Genotype008
ZGH0585,Genotype008
ZGH0590,Genotype008
ZGH0591,Genotype008
ZGH0592,Genotype008
ZGH0593,Genotype008
ZGH0594,Genotype008
ZGH0595,Genotype008
ZGH0596,Genotype008
ZGH0597,Genotype008
ZGH0598,Genotype008
ZGH0600,Genotype008
ZGH0602,Genotype008
ZGH0605,Genotype008
ZGH0606,Genotype008
ZGH0607,Genotype008
ZGH0608,Genotype008
ZGH0609,Genotype008
ZGH0610,Genotype008
ZGH0611,Genotype008
ZGH0613,Genotype008
ZGH0614,Genotype008
ZGH0615,Genotype008
ZGH0616,Genotype008
ZGH0617,Genotype008
ZGH0619,Genotype008
ZGH0620,Genotype008
ZGH0623,Genotype008
ZGH0624,Genotype008
ZGH0625,Genotype008
ZGH0627,Genotype008
ZGH0628,Genotype008
ZGH0629,Genotype008
ZGH0630,Genotype008
ZGH0631,Genotype008
ZGH0632,Genotype008
ZGH0634,Genotype008
ZGH0635,Genotype008
ZGH0636,Genotype008
ZGH0637,Genotype008
ZGH0638,Genotype008
ZGH0640,Genotype008
ZGH0643,Genotype008
ZGH0645,Genotype008
ZGH0649,Genotype008
ZGH0651,Genotype008
ZGH0656,Genotype008
ZGH0660,Genotype008
ZGH0661,Genotype008
ZGH0662,Genotype008
ZGH0664,Genotype008
ZGH0678,Genotype008
ZGH0680,Genotype008
ZGH0683,Genotype008
ZGH0685,Genotype008
ZGH0687,Genotype008
ZGH0688,Genotype008
ZGH0689,Genotype008
ZGH0696,Genotype008
ZGH0700,Genotype008
ZGH0701,Genotype008
ZGH0703,Genotype008
ZGH0704,Genotype008
ZGH0709,Genotype008
ZGH0710,Genotype008
ZGH0712,Genotype008
ZGH0713,Genotype008
ZGH0716,Genotype008
ZGH0717,Genotype008
ZGH0718,Genotype008
ZGH0719,Genotype008
ZGH0722,Genotype008
ZGH0725,Genotype008
ZGH0726,Genotype008
ZGH0728,Genotype008
ZGH0729,Genotype008
ZGH0730,Genotype008
ZGH0731,Genotype008
ZGH0732,Genotype008
ZGH0733,Genotype008
ZGH0734,Genotype008
ZGH0735,Genotype008
ZGH0736,Genotype008
ZGH0737,Genotype008
ZGH0739,Genotype008
ZGH0740,Genotype008
ZGH0741,Genotype008
ZGH0743,Genotype008
ZGH0744,Genotype008
ZGH0745,Genotype008
ZGH0746,Genotype008
ZGH0748,Genotype008
ZGH0750,Genotype008
ZGH0751,Genotype008
ZGH0752,Genotype008
ZGH0753,Genotype008
ZGH0754,Genotype008
ZGH0755,Genotype008
ZGH0759,Genotype008
ZGH0765,Genotype008
ZGH0766,Genotype008
ZGH0767,Genotype008
ZGH0769,Genotype008
ZGH0770,Genotype008
ZGH0771,Genotype008
ZGH0772,Genotype008
ZGH0773,Genotype008
ZGH0775,Genotype008
ZGH0777,Genotype008
ZGH0778,Genotype008
ZGH0779,Genotype008
ZGH0780,Genotype008
ZGH0781,Genotype008
ZGH0784,Genotype008
ZGH0785,Genotype008
ZGH0787,Genotype008
ZGH0788,Genotype008
ZGH0789,Genotype008
ZGH0790,Genotype008
ZGH0791,Genotype008
ZGH0792,Genotype008
ZGH0793,Genotype008
ZGH0794,Genotype008
ZGH0795,Genotype008
ZGH0796,Genotype008
ZGH0798,Genotype008
ZGH0799,Genotype008
ZGH0800,Genotype008
ZGH0802,Genotype008
ZGH0803,Genotype008
ZGH0804,Genotype008
ZGH0805,Genotype008
ZGH0806,Genotype008
ZGH0807,Genotype008
ZGH0808,Genotype008
ZGH0809,Genotype008
ZGH0810,Genotype008
ZGH0812,Genotype008
ZGH0813,Genotype008
ZGH0814,Genotype008
ZGH0817,Genotype008
ZGH0818,Genotype008
ZGH0819,Genotype008
ZGH0820,Genotype008
ZGH0821,Genotype008
ZGH0822,Genotype008
ZGH0824,Genotype008
ZGH0828,Genotype008
ZGH0829,Genotype008
ZGH0830,Genotype008
ZGH0831,Genotype008
ZGH0832,Genotype008
ZGH0833,Genotype008
ZGH0834,Genotype008
ZGH0837,Genotype008
ZGH0838,Genotype008
ZGH0840,Genotype008
ZGH0841,Genotype008
ZGH0843,Genotype008
ZGH0844,Genotype008
ZGH0845,Genotype008
ZGH0847,Genotype008
ZGH0848,Genotype008
ZGH0849,Genotype008
ZGH0850,Genotype008
ZGH0852,Genotype008
ZGH0854,Genotype008
ZGH0855,Genotype008
ZGH0856,Genotype008
ZGH0859,Genotype008
ZGH0861,Genotype008
ZGH0862,Genotype008
ZGH0863,Genotype008
ZGH0865,Genotype008
ZGH0866,Genotype008
ZGH0867,Genotype008
ZGH0869,Genotype008
ZGH0870,Genotype008
ZGH0871,Genotype008
ZGH0872,Genotype008
ZGH0874,Genotype008
ZGH0875,Genotype008
ZGH0876,Genotype008
ZGH0879,Genotype008
ZGH0880,Genotype008
ZGH0881,Genotype008
ZGH0882,Genotype008
ZGH0883,Genotype008
ZGH0884,Genotype008
ZGH0885,Genotype008
ZGH0886,Genotype008
ZGH0887,Genotype008
ZGH0888,Genotype008
ZGH0889,Genotype008
ZGH0890,Genotype008
ZGH0891,Genotype008
ZGH0892,Genotype008
ZGH0893,Genotype008
ZGH0894,Genotype008
ZGH0895,Genotype008
ZGH0896,Genotype008
ZGH0897,Genotype008
ZGH0898,Genotype008
ZGH0902,Genotype008
ZGH0905,Genotype008
ZGH0906,Genotype008
ZGH0908,Genotype008
ZGH0909,Genotype008
ZGH0911,Genotype008
ZGH0913,Genotype008
ZGH0914,Genotype008
ZGH0915,Genotype008
ZGH0916,Genotype008
ZGH0917,Genotype008
ZGH0918,Genotype008
ZGH0920,Genotype008
ZGH0922,Genotype008
ZGH0925,Genotype008
ZGH0927,Genotype008
ZGH0929,Genotype008
ZGH0933,Genotype008
ZGH0936,Genotype008
ZGH0937,Genotype008
ZGH0938,Genotype008
ZGH0939,Genotype008
ZGH0940,Genotype008
ZGH0942,Genotype008
ZGH0943,Genotype008
ZGH0946,Genotype008
ZGH0947,Genotype008
ZGH0949,Genotype008
ZGH0950,Genotype008
ZGH0951,Genotype008
ZGH0952,Genotype008
ZGH0953,Genotype008
ZGH0954,Genotype008
ZGH0955,Genotype008
ZGH0956,Genotype008
ZGH0957,Genotype008
ZGH0959,Genotype008
ZGH0960,Genotype008
ZGH0961,Genotype008
ZGH0963,Genotype008
ZGH0964,Genotype008
ZGH0965,Genotype008
ZGH0966,Genotype008
ZGH0967,Genotype008
ZGH0968,Genotype008
ZGH0969,Genotype008
ZGH0970,Genotype008
ZGH0971,Genotype008
ZGH0973,Genotype008
ZGH0976,Genotype008
ZGH0977,Genotype008
ZGH0978,Genotype008
ZGH0979,Genotype008
ZGH0980,Genotype008
ZGH0981,Genotype008
ZGH0982,Genotype008
ZGH0983,Genotype008
ZGH0984,Genotype008
ZGH0985,Genotype008
ZGH0987,Genotype008
ZGH0990,Genotype008
ZGH0992,Genotype008
ZGH0996,Genotype008
ZGH1000,Genotype008
ZGH1002,Genotype008
ZGH1003,Genotype008
ZGH1007,Genotype008
ZGH1015,Genotype008
ZGH1017,Genotype008
ZGH1021,Genotype008
ZGH1022,Genotype008
ZGH1026,Genotype008
ZGH1027,Genotype008
ZGH1030,Genotype008
ZGH1033,Genotype008
ZGH1034,Genotype008
ZGH1035,Genotype008
ZGH1036,Genotype008
ZGH1037,Genotype008
ZGH1038,Genotype008
ZGH1039,Genotype008
ZGH1040,Genotype008
ZGH1041,Genotype008
ZGH1043,Genotype008
ZGH1045,Genotype008
ZGH1046,Genotype008
ZGH1051,Genotype008
ZGH1053,Genotype008
ZGH1054,Genotype008
ZGH1055,Genotype008
ZGH1056,Genotype008
ZGH1057,Genotype008
ZGH1059,Genotype008
ZGH1060,Genotype008
ZGH1062,Genotype008
ZGH1063,Genotype008
ZGH1067,Genotype008
ZGH1068,Genotype008
ZGH1069,Genotype008
ZGH1072,Genotype008
ZGH1074,Genotype008
ZGH1075,Genotype008
ZGH1076,Genotype008
ZGH1079,Genotype008
ZGH1080,Genotype008
ZGH1082,Genotype008
ZGH1084,Genotype008
ZGH1086,Genotype008
ZGH1087,Genotype008
ZGH1088,Genotype008
ZGH1090,Genotype008
ZGH1092,Genotype008
ZGH1093,Genotype008
ZGH1094,Genotype008
ZGH1096,Genotype008
ZGH1098,Genotype008
ZGH1099,Genotype008
ZGH1101,Genotype008
ZGH1104,Genotype008
ZGH1105,Genotype008
ZGH1106,Genotype008
ZGH1107,Genotype008
ZGH1108,Genotype008
ZGH1110,Genotype008
ZGH1115,Genotype008
ZGH1117,Genotype008
ZGH1118,Genotype008
ZGH1119,Genotype008
ZGH1123,Genotype008
ZGH1125,Genotype008
ZGH1127,Genotype008
ZGH1128,Genotype008
ZGH1129,Genotype008
ZGH1130,Genotype008
ZGH1131,Genotype008
ZGH1133,Genotype008
ZGH1135,Genotype008
ZGH1138,Genotype008
ZGH1139,Genotype008
ZGH1140,Genotype008
ZGH1141,Genotype008
ZGH1142,Genotype008
ZGH1143,Genotype008
ZGH1144,Genotype008
ZGH1145,Genotype008
ZGH1146,Genotype008
ZGH1147,Genotype008
ZGH1148,Genotype008
ZGH1149,Genotype008
ZGH1150,Genotype008
ZGH1151,Genotype008
ZGH1152,Genotype008
ZGH1153,Genotype008
ZGH1154,Genotype008
ZGH1155,Genotype008
ZGH1156,Genotype008
ZGH1157,Genotype008
ZGH1158,Genotype008
ZGH1159,Genotype008
ZGH1160,Genotype008
ZGH1161,Genotype008
ZGH1162,Genotype008
ZGH1163,Genotype008
ZGH1164,Genotype008
ZGH1165,Genotype008
ZGH1166,Genotype008
ZGH1169,Genotype008
ZGH1171,Genotype008
ZGH1172,Genotype008
ZGH1173,Genotype008
ZGH1174,Genotype008
ZGH1175,Genotype008
ZGH1176,Genotype008
ZGH1178,Genotype008
ZGH1179,Genotype008
ZGH1183,Genotype008
ZGH1184,Genotype008
ZGH1185,Genotype008
ZGH1187,Genotype008
ZGH1188,Genotype008
ZGH1189,Genotype008
ZGH1190,Genotype008
ZGH1191,Genotype008
ZGH1192,Genotype008
ZGH1193,Genotype008
ZGH1194,Genotype008
ZGH1195,Genotype008
ZGH1196,Genotype008
ZGH1198,Genotype008
ZGH1199,Genotype008
ZGH1200,Genotype008
ZGH1201,Genotype008
ZGH1203,Genotype008
ZGH1204,Genotype008
ZGH1205,Genotype008
ZGH1207,Genotype008
GB0010,Genotype009
GB0012,Genotype010
GB0013,Genotype011
GB0014,Genotype012
GB0015,Genotype013
GB0016,Genotype014
GB0017,Genotype015
GB0018,Genotype016
GB0019,Genotype017
GB0020,Genotype018
GB0022,Genotype019
GB0028,Genotype019
GB0035,Genotype019
GB0052,Genotype019
GB0469,Genotype019
GB0504,Genotype019
GH0001,Genotype019
GH0002,Genotype019
GH0100,Genotype019
GH0101,Genotype019
GH0102,Genotype019
GH0103,Genotype019
GH0659,Genotype019
GH0830,Genotype019
GH0831,Genotype019
GH0832,Genotype019
GH0833,Genotype019
GH0911,Genotype019
GH0913,Genotype019
GH0916,Genotype019
GH0919,Genotype019
GH0924,Genotype019
GH0925,Genotype019
GH0926,Genotype019
GH1285,Genotype019
GH1520,Genotype019
GH1521,Genotype019
GHL002,Genotype019
WILD013,Genotype019
ZGH0001,Genotype019
ZGH0008,Genotype019
ZGH1001,Genotype019
GB0023,Genotype020
GB0024,Genotype021
GB0027,Genotype022
GB0030,Genotype023
GB0032,Genotype024
GB0034,Genotype025
GB0039,Genotype026
GB0040,Genotype027
GB0041,Genotype028
GB0044,Genotype029
GB0045,Genotype030
GB0046,Genotype031
GB0048,Genotype032
GB0050,Genotype033
GB0051,Genotype034
GB0053,Genotype035
GB0054,Genotype036
GB0056,Genotype037
GB0057,Genotype038
GB0066,Genotype039
GB0098,Genotype039
GB0103,Genotype039
GB0382,Genotype039
GH1508,Genotype039
GH1804,Genotype039
WILD006,Genotype039
GB0149,Genotype040
GB0423,Genotype040
GB0535,Genotype040
GH0007,Genotype040
GH0008,Genotype040
GH0013,Genotype040
GH0015,Genotype040
GH0018,Genotype040
GH0025,Genotype040
GH0027,Genotype040
GH0028,Genotype040
GH0029,Genotype040
GH0030,Genotype040
GH0032,Genotype040
GH0035,Genotype040
GH0037,Genotype040
GH0042,Genotype040
GH0043,Genotype040
GH0044,Genotype040
GH0045,Genotype040
GH0046,Genotype040
GH0049,Genotype040
GH0052,Genotype040
GH0057,Genotype040
GH0059,Genotype040
GH0086,Genotype040
GH0090,Genotype040
GH0091,Genotype040
GH0092,Genotype040
GH0093,Genotype040
GH0094,Genotype040
GH0095,Genotype040
GH0096,Genotype040
GH0097,Genotype040
GH0104,Genotype040
GH0107,Genotype040
GH0109,Genotype040
GH0110,Genotype040
GH0111,Genotype040
GH0114,Genotype040
GH0116,Genotype040
GH0119,Genotype040
GH0120,Genotype040
GH0121,Genotype040
GH0122,Genotype040
GH0125,Genotype040
GH0126,Genotype040
GH0127,Genotype040
GH0128,Genotype040
GH0133,Genotype040
GH0135,Genotype040
GH0136,Genotype040
GH0138,Genotype040
GH0143,Genotype040
GH0147,Genotype040
GH0150,Genotype040
GH0152,Genotype040
GH0154,Genotype040
GH0155,Genotype040
GH0159,Genotype040
GH0160,Genotype040
GH0161,Genotype040
GH0162,Genotype040
GH0168,Genotype040
GH0170,Genotype040
GH0171,Genotype040
GH0173,Genotype040
GH0175,Genotype040
GH0177,Genotype040
GH0179,Genotype040
GH0180,Genotype040
GH0183,Genotype040
GH0184,Genotype040
GH0185,Genotype040
GH0186,Genotype040
GH0187,Genotype040
GH0188,Genotype040
GH0189,Genotype040
GH0190,Genotype040
GH0191,Genotype040
GH0192,Genotype040
GH0193,Genotype040
GH0195,Genotype040
GH0196,Genotype040
GH0197,Genotype040
GH0198,Genotype040
GH0202,Genotype040
GH0203,Genotype040
GH0205,Genotype040
GH0206,Genotype040
GH0207,Genotype040
GH0210,Genotype040
GH0213,Genotype040
GH0214,Genotype040
GH0215,Genotype040
GH0216,Genotype040
GH0220,Genotype040
GH0221,Genotype040
GH0222,Genotype040
GH0223,Genotype040
GH0225,Genotype040
GH0226,Genotype040
GH0227,Genotype040
GH0228,Genotype040
GH0231,Genotype040
GH0235,Genotype040
GH0242,Genotype040
GH0243,Genotype040
GH0244,Genotype040
GH0245,Genotype040
GH0246,Genotype040
GH0247,Genotype040
GH0248,Genotype040
GH0249,Genotype040
GH0252,Genotype040
GH0254,Genotype040
GH0255,Genotype040
GH0257,Genotype040
GH0260,Genotype040
GH0263,Genotype040
GH0264,Genotype040
GH0266,Genotype040
GH0269,Genotype040
GH0270,Genotype040
GH0271,Genotype040
GH0287,Genotype040
GH0288,Genotype040
GH0291,Genotype040
GH0292,Genotype040
GH0293,Genotype040
GH0294,Genotype040
GH0295,Genotype040
GH0296,Genotype040
GH0297,Genotype040
GH0299,Genotype040
GH0307,Genotype040
GH0308,Genotype040
GH0313,Genotype040
GH0314,Genotype040
GH0315,Genotype040
GH0322,Genotype040
GH0328,Genotype040
GH0330,Genotype040
GH0332,Genotype040
GH0333,Genotype040
GH0334,Genotype040
GH0349,Genotype040
GH0350,Genotype040
GH0354,Genotype040
GH0355,Genotype040
GH0358,Genotype040
GH0361,Genotype040
GH0367,Genotype040
GH0370,Genotype040
GH0373,Genotype040
GH0376,Genotype040
GH0379,Genotype040
GH0387,Genotype040
GH0388,Genotype040
GH0391,Genotype040
GH0394,Genotype040
GH0395,Genotype040
GH0397,Genotype040
GH0402,Genotype040
GH0405,Genotype040
GH0406,Genotype040
GH0418,Genotype040
GH0422,Genotype040
GH0423,Genotype040
GH0429,Genotype040
GH0432,Genotype040
GH0434,Genotype040
GH0435,Genotype040
GH0438,Genotype040
GH0439,Genotype040
GH0443,Genotype040
GH0449,Genotype040
GH0454,Genotype040
GH0457,Genotype040
GH0458,Genotype040
GH0460,Genotype040
GH0461,Genotype040
GH0462,Genotype040
GH0464,Genotype040
GH0467,Genotype040
GH0468,Genotype040
GH0474,Genotype040
GH0479,Genotype040
GH0480,Genotype040
GH0481,Genotype040
GH0485,Genotype040
GH0489,Genotype040
GH0492,Genotype040
GH0507,Genotype040
GH0509,Genotype040
GH0510,Genotype040
GH0511,Genotype040
GH0514,Genotype040
GH0518,Genotype040
GH0534,Genotype040
GH0537,Genotype040
GH0538,Genotype040
GH0540,Genotype040
GH0543,Genotype040
GH0544,Genotype040
GH0545,Genotype040
GH0549,Genotype040
GH0556,Genotype040
GH0584,Genotype040
GH0592,Genotype040
GH0593,Genotype040
GH0602,Genotype040
GH0603,Genotype040
GH0635,Genotype040
GH0636,Genotype040
GH0638,Genotype040
GH0639,Genotype040
GH0647,Genotype040
GH0648,Genotype040
GH0649,Genotype040
GH0652,Genotype040
GH0700,Genotype040
GH0701,Genotype040
GH0702,Genotype040
GH0704,Genotype040
GH0705,Genotype040
GH0709,Genotype040
GH0712,Genotype040
GH0715,Genotype040
GH0718,Genotype040
GH0719,Genotype040
GH0720,Genotype040
GH0729,Genotype040
GH0732,Genotype040
GH0734,Genotype040
GH0739,Genotype040
GH0741,Genotype040
GH0743,Genotype040
GH0745,Genotype040
GH0749,Genotype040
GH0750,Genotype040
GH0751,Genotype040
GH0752,Genotype040
GH0753,Genotype040
GH0756,Genotype040
GH0757,Genotype040
GH0758,Genotype040
GH0760,Genotype040
GH0763,Genotype040
GH0764,Genotype040
GH0766,Genotype040
GH0769,Genotype040
GH0770,Genotype040
GH0771,Genotype040
GH0773,Genotype040
GH0775,Genotype040
GH0783,Genotype040
GH0784,Genotype040
GH0792,Genotype040
GH0793,Genotype040
GH0797,Genotype040
GH0800,Genotype040
GH0801,Genotype040
GH0802,Genotype040
GH0804,Genotype040
GH0805,Genotype040
GH0806,Genotype040
GH0807,Genotype040
GH0810,Genotype040
GH0811,Genotype040
GH0812,Genotype040
GH0813,Genotype040
GH0814,Genotype040
GH0815,Genotype040
GH0816,Genotype040
GH0817,Genotype040
GH0819,Genotype040
GH0821,Genotype040
GH0822,Genotype040
GH0823,Genotype040
GH0824,Genotype040
GH0825,Genotype040
GH0826,Genotype040
GH0827,Genotype040
GH0828,Genotype040
GH0842,Genotype040
GH0848,Genotype040
GH0849,Genotype040
GH0851,Genotype040
GH0853,Genotype040
GH0854,Genotype040
GH0856,Genotype040
GH0857,Genotype040
GH0858,Genotype040
GH0859,Genotype040
GH0860,Genotype040
GH0861,Genotype040
GH0862,Genotype040
GH0863,Genotype040
GH0865,Genotype040
GH0866,Genotype040
GH0867,Genotype040
GH0868,Genotype040
GH0870,Genotype040
GH0872,Genotype040
GH0873,Genotype040
GH0874,Genotype040
GH0876,Genotype040
GH0877,Genotype040
GH0878,Genotype040
GH0879,Genotype040
GH0881,Genotype040
GH0882,Genotype040
GH0883,Genotype040
GH0884,Genotype040
GH0887,Genotype040
GH0888,Genotype040
GH0889,Genotype040
GH0891,Genotype040
GH0892,Genotype040
GH0893,Genotype040
GH0895,Genotype040
GH0897,Genotype040
GH0898,Genotype040
GH0899,Genotype040
GH0900,Genotype040
GH0901,Genotype040
GH0903,Genotype040
GH0904,Genotype040
GH0905,Genotype040
GH0906,Genotype040
GH0907,Genotype040
GH0908,Genotype040
GH0910,Genotype040
GH0914,Genotype040
GH0915,Genotype040
GH0917,Genotype040
GH0918,Genotype040
GH0922,Genotype040
GH0927,Genotype040
GH0930,Genotype040
GH0931,Genotype040
GH0932,Genotype040
GH0934,Genotype040
GH0936,Genotype040
GH0938,Genotype040
GH0939,Genotype040
GH0940,Genotype040
GH0941,Genotype040
GH0943,Genotype040
GH0944,Genotype040
GH0945,Genotype040
GH0946,Genotype040
GH0947,Genotype040
GH0948,Genotype040
GH0951,Genotype040
GH0952,Genotype040
GH0956,Genotype040
GH0958,Genotype040
GH0959,Genotype040
GH0961,Genotype040
GH0962,Genotype040
GH0965,Genotype040
GH0968,Genotype040
GH0969,Genotype040
GH0971,Genotype040
GH0973,Genotype040
GH0974,Genotype040
GH0978,Genotype040
GH0980,Genotype040
GH0981,Genotype040
GH0986,Genotype040
GH0987,Genotype040
GH0990,Genotype040
GH0991,Genotype040
GH0996,Genotype040
GH0997,Genotype040
GH0999,Genotype040
GH1002,Genotype040
GH1006,Genotype040
GH1007,Genotype040
GH1018,Genotype040
GH1019,Genotype040
GH1020,Genotype040
GH1021,Genotype040
GH1025,Genotype040
GH1026,Genotype040
GH1029,Genotype040
GH1030,Genotype040
GH1032,Genotype040
GH1036,Genotype040
GH1037,Genotype040
GH1039,Genotype040
GH1042,Genotype040
GH1044,Genotype040
GH1045,Genotype040
GH1046,Genotype040
GH1047,Genotype040
GH1049,Genotype040
GH1050,Genotype040
GH1052,Genotype040
GH1055,Genotype040
GH1059,Genotype040
GH1062,Genotype040
GH1063,Genotype040
GH1065,Genotype040
GH1066,Genotype040
GH1068,Genotype040
GH1069,Genotype040
GH1070,Genotype040
GH1071,Genotype040
GH1072,Genotype040
GH1073,Genotype040
GH1074,Genotype040
GH1075,Genotype040
GH1077,Genotype040
GH1079,Genotype040
GH1081,Genotype040
GH1083,Genotype040
GH1084,Genotype040
GH1086,Genotype040
GH1091,Genotype040
GH1093,Genotype040
GH1096,Genotype040
GH1100,Genotype040
GH1104,Genotype040
GH1105,Genotype040
GH1106,Genotype040
GH1107,Genotype040
GH1108,Genotype040
GH1109,Genotype040
GH1110,Genotype040
GH1111,Genotype040
GH1114,Genotype040
GH1115,Genotype040
GH1117,Genotype040
GH1118,Genotype040
GH1120,Genotype040
GH1125,Genotype040
GH1126,Genotype040
GH1134,Genotype040
GH1137,Genotype040
GH1139,Genotype040
GH1144,Genotype040
GH1146,Genotype040
GH1154,Genotype040
GH1160,Genotype040
GH1162,Genotype040
GH1163,Genotype040
GH1166,Genotype040
GH1167,Genotype040
GH1168,Genotype040
GH1171,Genotype040
GH1181,Genotype040
GH1185,Genotype040
GH1189,Genotype040
GH1192,Genotype040
GH1202,Genotype040
GH1203,Genotype040
GH1212,Genotype040
GH1215,Genotype040
GH1216,Genotype040
GH1217,Genotype040
GH1218,Genotype040
GH1219,Genotype040
GH1220,Genotype040
GH1223,Genotype040
GH1225,Genotype040
GH1228,Genotype040
GH1239,Genotype040
GH1246,Genotype040
GH1248,Genotype040
GH1249,Genotype040
GH1250,Genotype040
GH1251,Genotype040
GH1252,Genotype040
GH1253,Genotype040
GH1254,Genotype040
GH1255,Genotype040
GH1257,Genotype040
GH1258,Genotype040
GH1260,Genotype040
GH1261,Genotype040
GH1262,Genotype040
GH1264,Genotype040
GH1265,Genotype040
GH1266,Genotype040
GH1269,Genotype040
GH1270,Genotype040
GH1271,Genotype040
GH1274,Genotype040
GH1278,Genotype040
GH1280,Genotype040
GH1288,Genotype040
GH1290,Genotype040
GH1291,Genotype040
GH1303,Genotype040
GH1304,Genotype040
GH1305,Genotype040
GH1306,Genotype040
GH1307,Genotype040
GH1308,Genotype040
GH1310,Genotype040
GH1311,Genotype040
GH1312,Genotype040
GH1313,Genotype040
GH1317,Genotype040
GH1319,Genotype040
GH1320,Genotype040
GH1321,Genotype040
GH1323,Genotype040
GH1324,Genotype040
GH1325,Genotype040
GH1330,Genotype040
GH1333,Genotype040
GH1338,Genotype040
GH1340,Genotype040
GH1343,Genotype040
GH1345,Genotype040
GH1348,Genotype040
GH1350,Genotype040
GH1351,Genotype040
GH1353,Genotype040
GH1354,Genotype040
GH1359,Genotype040
GH1364,Genotype040
GH1365,Genotype040
GH1367,Genotype040
GH1368,Genotype040
GH1370,Genotype040
GH1379,Genotype040
GH1385,Genotype040
GH1388,Genotype040
GH1389,Genotype040
GH1391,Genotype040
GH1394,Genotype040
GH1395,Genotype040
GH1403,Genotype040
GH1407,Genotype040
GH1408,Genotype040
GH1416,Genotype040
GH1422,Genotype040
GH1425,Genotype040
GH1427,Genotype040
GH1428,Genotype040
GH1429,Genotype040
GH1430,Genotype040
GH1431,Genotype040
GH1435,Genotype040
GH1436,Genotype040
GH1437,Genotype040
GH1438,Genotype040
GH1442,Genotype040
GH1443,Genotype040
GH1446,Genotype040
GH1448,Genotype040
GH1449,Genotype040
GH1450,Genotype040
GH1452,Genotype040
GH1455,Genotype040
GH1456,Genotype040
GH1459,Genotype040
GH1460,Genotype040
GH1461,Genotype040
GH1462,Genotype040
GH1464,Genotype040
GH1465,Genotype040
GH1516,Genotype040
GH1533,Genotype040
GH1539,Genotype040
GH1544,Genotype040
GH1546,Genotype040
GH1548,Genotype040
GH1549,Genotype040
GH1551,Genotype040
GH1552,Genotype040
GH1553,Genotype040
GH1554,Genotype040
GH1555,Genotype040
GH1557,Genotype040
GH1558,Genotype040
GH1560,Genotype040
GH1563,Genotype040
GH1564,Genotype040
GH1565,Genotype040
GH1566,Genotype040
GH1570,Genotype040
GH1571,Genotype040
GH1572,Genotype040
GH1573,Genotype040
GH1574,Genotype040
GH1575,Genotype040
GH1576,Genotype040
GH1577,Genotype040
GH1578,Genotype040
GH1579,Genotype040
GH1580,Genotype040
GH1581,Genotype040
GH1582,Genotype040
GH1583,Genotype040
GH1584,Genotype040
GH1585,Genotype040
GH1587,Genotype040
GH1588,Genotype040
GH1589,Genotype040
GH1590,Genotype040
GH1591,Genotype040
GH1592,Genotype040
GH1593,Genotype040
GH1595,Genotype040
GH1596,Genotype040
GH1597,Genotype040
GH1598,Genotype040
GH1599,Genotype040
GH1600,Genotype040
GH1601,Genotype040
GH1602,Genotype040
GH1604,Genotype040
GH1605,Genotype040
GH1607,Genotype040
GH1610,Genotype040
GH1611,Genotype040
GH1612,Genotype040
GH1614,Genotype040
GH1616,Genotype040
GH1617,Genotype040
GH1622,Genotype040
GH1623,Genotype040
GH1624,Genotype040
GH1626,Genotype040
GH1627,Genotype040
GH1628,Genotype040
GH1630,Genotype040
GH1631,Genotype040
GH1637,Genotype040
GH1640,Genotype040
GH1642,Genotype040
GH1646,Genotype040
GH1649,Genotype040
GH1655,Genotype040
GH1656,Genotype040
GH1657,Genotype040
GH1660,Genotype040
GH1661,Genotype040
GH1663,Genotype040
GH1666,Genotype040
GH1670,Genotype040
GH1677,Genotype040
GH1683,Genotype040
GH1684,Genotype040
GH1688,Genotype040
GH1750,Genotype040
GH1769,Genotype040
GH1772,Genotype040
GH1773,Genotype040
GH1774,Genotype040
GH1778,Genotype040
GH1779,Genotype040
GH1782,Genotype040
GH1783,Genotype040
GH1784,Genotype040
GH1787,Genotype040
GH1789,Genotype040
GH1791,Genotype040
GH1792,Genotype040
GH1794,Genotype040
GH1802,Genotype040
GH1807,Genotype040
GH1808,Genotype040
GH1809,Genotype040
GH1810,Genotype040
GH1811,Genotype040
GH1813,Genotype040
GH1814,Genotype040
GH1819,Genotype040
GH1825,Genotype040
GH1827,Genotype040
GH1834,Genotype040
GH1842,Genotype040
GH1844,Genotype040
GH1847,Genotype040
GH1850,Genotype040
GH1859,Genotype040
GH1860,Genotype040
GH1861,Genotype040
GH1867,Genotype040
GH1868,Genotype040
GH1871,Genotype040
GH1873,Genotype040
GH1874,Genotype040
GH1875,Genotype040
GH1876,Genotype040
GH1878,Genotype040
GH1880,Genotype040
GH1885,Genotype040
GH1889,Genotype040
GH1893,Genotype040
GH1894,Genotype040
GH1895,Genotype040
GH1898,Genotype040
GH1901,Genotype040
GH1902,Genotype040
GH1904,Genotype040
GH1905,Genotype040
GH1907,Genotype040
GH1908,Genotype040
GHL005,Genotype040
GHL020,Genotype040
GHL024,Genotype040
GHL029,Genotype040
GHL030,Genotype040
WILD011,Genotype040
WILD012,Genotype040
WILD019,Genotype040
WILD020,Genotype040
WILD021,Genotype040
ZGH0005,Genotype040
ZGH0007,Genotype040
ZGH0010,Genotype040
ZGH0015,Genotype040
ZGH0020,Genotype040
ZGH0022,Genotype040
ZGH0024,Genotype040
ZGH0026,Genotype040
ZGH0027,Genotype040
ZGH0029,Genotype040
ZGH0031,Genotype040
ZGH0035,Genotype040
ZGH0053,Genotype040
ZGH0056,Genotype040
ZGH0057,Genotype040
ZGH0058,Genotype040
ZGH0059,Genotype040
ZGH0062,Genotype040
ZGH0063,Genotype040
ZGH0065,Genotype040
ZGH0066,Genotype040
ZGH0068,Genotype040
ZGH0069,Genotype040
ZGH0070,Genotype040
ZGH0071,Genotype040
ZGH0073,Genotype040
ZGH0081,Genotype040
ZGH0084,Genotype040
ZGH0085,Genotype040
ZGH0090,Genotype040
ZGH0093,Genotype040
ZGH0095,Genotype040
ZGH0096,Genotype040
ZGH0099,Genotype040
ZGH0100,Genotype040
ZGH0102,Genotype040
ZGH0103,Genotype040
ZGH0104,Genotype040
ZGH0105,Genotype040
ZGH0108,Genotype040
ZGH0109,Genotype040
ZGH0111,Genotype040
ZGH0113,Genotype040
ZGH0115,Genotype040
ZGH0118,Genotype040
ZGH0120,Genotype040
ZGH0121,Genotype040
ZGH0122,Genotype040
ZGH0123,Genotype040
ZGH0124,Genotype040
ZGH0126,Genotype040
ZGH0127,Genotype040
ZGH0129,Genotype040
ZGH0130,Genotype040
ZGH0132,Genotype040
ZGH0135,Genotype040
ZGH0140,Genotype040
ZGH0141,Genotype040
ZGH0144,Genotype040
ZGH0145,Genotype040
ZGH0148,Genotype040
ZGH0151,Genotype040
ZGH0154,Genotype040
ZGH0158,Genotype040
ZGH0160,Genotype040
ZGH0162,Genotype040
ZGH0163,Genotype040
ZGH0164,Genotype040
ZGH0165,Genotype040
ZGH0169,Genotype040
ZGH0170,Genotype040
ZGH0171,Genotype040
ZGH0172,Genotype040
ZGH0174,Genotype040
ZGH0175,Genotype040
ZGH0178,Genotype040
ZGH0179,Genotype040
ZGH0181,Genotype040
ZGH0186,Genotype040
ZGH0187,Genotype040
ZGH0191,Genotype040
ZGH0193,Genotype040
ZGH0196,Genotype040
ZGH0202,Genotype040
ZGH0208,Genotype040
ZGH0212,Genotype040
ZGH0217,Genotype040
ZGH0222,Genotype040
ZGH0223,Genotype040
ZGH0224,Genotype040
ZGH0226,Genotype040
ZGH0228,Genotype040
ZGH0230,Genotype040
ZGH0231,Genotype040
ZGH0234,Genotype040
ZGH0236,Genotype040
ZGH0241,Genotype040
ZGH0243,Genotype040
ZGH0246,Genotype040
ZGH0247,Genotype040
ZGH0248,Genotype040
ZGH0252,Genotype040
ZGH0253,Genotype040
ZGH0259,Genotype040
ZGH0261,Genotype040
ZGH0262,Genotype040
ZGH0263,Genotype040
ZGH0265,Genotype040
ZGH0266,Genotype040
ZGH0268,Genotype040
ZGH0270,Genotype040
ZGH0272,Genotype040
ZGH0273,Genotype040
ZGH0274,Genotype040
ZGH0275,Genotype040
ZGH0278,Genotype040
ZGH0282,Genotype040
ZGH0284,Genotype040
ZGH0285,Genotype040
ZGH0286,Genotype040
ZGH0288,Genotype040
ZGH0289,Genotype040
ZGH0290,Genotype040
ZGH0292,Genotype040
ZGH0294,Genotype040
ZGH0297,Genotype040
ZGH0298,Genotype040
ZGH0300,Genotype040
ZGH0301,Genotype040
ZGH0304,Genotype040
ZGH0305,Genotype040
ZGH0307,Genotype040
ZGH0309,Genotype040
ZGH0312,Genotype040
ZGH0314,Genotype040
ZGH0315,Genotype040
ZGH0316,Genotype040
ZGH0317,Genotype040
ZGH0318,Genotype040
ZGH0320,Genotype040
ZGH0321,Genotype040
ZGH0323,Genotype040
ZGH0324,Genotype040
ZGH0325,Genotype040
ZGH0326,Genotype040
ZGH0327,Genotype040
ZGH0332,Genotype040
ZGH0335,Genotype040
ZGH0341,Genotype040
ZGH0345,Genotype040
ZGH0346,Genotype040
ZGH0350,Genotype040
ZGH0353,Genotype040
ZGH0354,Genotype040
ZGH0355,Genotype040
ZGH0356,Genotype040
ZGH0357,Genotype040
ZGH0358,Genotype040
ZGH0359,Genotype040
ZGH0361,Genotype040
ZGH0362,Genotype040
ZGH0370,Genotype040
ZGH0371,Genotype040
ZGH0373,Genotype040
ZGH0374,Genotype040
ZGH0379,Genotype040
ZGH0380,Genotype040
ZGH0381,Genotype040
ZGH0382,Genotype040
ZGH0383,Genotype040
ZGH0384,Genotype040
ZGH0385,Genotype040
ZGH0386,Genotype040
ZGH0387,Genotype040
ZGH0391,Genotype040
ZGH0392,Genotype040
ZGH0395,Genotype040
ZGH0396,Genotype040
ZGH0397,Genotype040
ZGH0406,Genotype040
ZGH0407,Genotype040
ZGH0408,Genotype040
ZGH0410,Genotype040
ZGH0411,Genotype040
ZGH0417,Genotype040
ZGH0425,Genotype040
ZGH0426,Genotype040
ZGH0427,Genotype040
ZGH0428,Genotype040
ZGH0429,Genotype040
ZGH0430,Genotype040
ZGH0431,Genotype040
ZGH0439,Genotype040
ZGH0443,Genotype040
ZGH0444,Genotype040
ZGH0445,Genotype040
ZGH0448,Genotype040
ZGH0451,Genotype040
ZGH0453,Genotype040
ZGH0457,Genotype040
ZGH0460,Genotype040
ZGH0461,Genotype040
ZGH0462,Genotype040
ZGH0465,Genotype040
ZGH0466,Genotype040
ZGH0467,Genotype040
ZGH0470,Genotype040
ZGH0473,Genotype040
ZGH0475,Genotype040
ZGH0477,Genotype040
ZGH0478,Genotype040
ZGH0479,Genotype040
ZGH0481,Genotype040
ZGH0483,Genotype040
ZGH0488,Genotype040
ZGH0490,Genotype040
ZGH0492,Genotype040
ZGH0493,Genotype040
ZGH0494,Genotype040
ZGH0495,Genotype040
ZGH0496,Genotype040
ZGH0497,Genotype040
ZGH0498,Genotype040
ZGH0499,Genotype040
ZGH0503,Genotype040
ZGH0504,Genotype040
ZGH0506,Genotype040
ZGH0507,Genotype040
ZGH0510,Genotype040
ZGH0516,Genotype040
ZGH0518,Genotype040
ZGH0526,Genotype040
ZGH0527,Genotype040
ZGH0528,Genotype040
ZGH0531,Genotype040
ZGH0534,Genotype040
ZGH0537,Genotype040
ZGH0544,Genotype040
ZGH0547,Genotype040
ZGH0549,Genotype040
ZGH0550,Genotype040
ZGH0551,Genotype040
ZGH0558,Genotype040
ZGH0559,Genotype040
ZGH0562,Genotype040
ZGH0563,Genotype040
ZGH0564,Genotype040
ZGH0566,Genotype040
ZGH0567,Genotype040
ZGH0568,Genotype040
ZGH0569,Genotype040
ZGH0573,Genotype040
ZGH0575,Genotype040
ZGH0577,Genotype040
ZGH0579,Genotype040
ZGH0581,Genotype040
ZGH0582,Genotype040
ZGH0583,Genotype040
ZGH0584,Genotype040
ZGH0586,Genotype040
ZGH0587,Genotype040
ZGH0588,Genotype040
ZGH0589,Genotype040
ZGH0599,Genotype040
ZGH0601,Genotype040
ZGH0603,Genotype040
ZGH0604,Genotype040
ZGH0612,Genotype040
ZGH0618,Genotype040
ZGH0621,Genotype040
ZGH0622,Genotype040
ZGH0626,Genotype040
ZGH0633,Genotype040
ZGH0639,Genotype040
ZGH0641,Genotype040
ZGH0644,Genotype040
ZGH0646,Genotype040
ZGH0648,Genotype040
ZGH0650,Genotype040
ZGH0652,Genotype040
ZGH0653,Genotype040
ZGH0654,Genotype040
ZGH0655,Genotype040
ZGH0657,Genotype040
ZGH0658,Genotype040
ZGH0659,Genotype040
ZGH0663,Genotype040
ZGH0665,Genotype040
ZGH0666,Genotype040
ZGH0667,Genotype040
ZGH0668,Genotype040
ZGH0669,Genotype040
ZGH0670,Genotype040
ZGH0671,Genotype040
ZGH0672,Genotype040
ZGH0673,Genotype040
ZGH0674,Genotype040
ZGH0675,Genotype040
ZGH0676,Genotype040
ZGH0677,Genotype040
ZGH0679,Genotype040
ZGH0681,Genotype040
ZGH0684,Genotype040
ZGH0686,Genotype040
ZGH0690,Genotype040
ZGH0691,Genotype040
ZGH0692,Genotype040
ZGH0693,Genotype040
ZGH0694,Genotype040
ZGH0695,Genotype040
ZGH0697,Genotype040
ZGH0698,Genotype040
ZGH0699,Genotype040
ZGH0702,Genotype040
ZGH0705,Genotype040
ZGH0706,Genotype040
ZGH0708,Genotype040
ZGH0711,Genotype040
ZGH0714,Genotype040
ZGH0715,Genotype040
ZGH0721,Genotype040
ZGH0723,Genotype040
ZGH0724,Genotype040
ZGH0727,Genotype040
ZGH0738,Genotype040
ZGH0747,Genotype040
ZGH0749,Genotype040
ZGH0756,Genotype040
ZGH0757,Genotype040
ZGH0758,Genotype040
ZGH0760,Genotype040
ZGH0761,Genotype040
ZGH0762,Genotype040
ZGH0763,Genotype040
ZGH0764,Genotype040
ZGH0768,Genotype040
ZGH0774,Genotype040
ZGH0776,Genotype040
ZGH0782,Genotype040
ZGH0783,Genotype040
ZGH0786,Genotype040
ZGH0797,Genotype040
ZGH0815,Genotype040
ZGH0816,Genotype040
ZGH0823,Genotype040
ZGH0825,Genotype040
ZGH0826,Genotype040
ZGH0827,Genotype040
ZGH0835,Genotype040
ZGH0836,Genotype040
ZGH0839,Genotype040
ZGH0842,Genotype040
ZGH0846,Genotype040
ZGH0851,Genotype040
ZGH0853,Genotype040
ZGH0857,Genotype040
ZGH0858,Genotype040
ZGH0864,Genotype040
ZGH0868,Genotype040
ZGH0873,Genotype040
ZGH0877,Genotype040
ZGH0878,Genotype040
ZGH0899,Genotype040
ZGH0900,Genotype040
ZGH0903,Genotype040
ZGH0904,Genotype040
ZGH0907,Genotype040
ZGH0919,Genotype040
ZGH0923,Genotype040
ZGH0926,Genotype040
ZGH0928,Genotype040
ZGH0930,Genotype040
ZGH0931,Genotype040
ZGH0932,Genotype040
ZGH0934,Genotype040
ZGH0935,Genotype040
ZGH0941,Genotype040
ZGH0944,Genotype040
ZGH0945,Genotype040
ZGH0948,Genotype040
ZGH0958,Genotype040
ZGH0962,Genotype040
ZGH0972,Genotype040
ZGH0974,Genotype040
ZGH0975,Genotype040
ZGH0986,Genotype040
ZGH0988,Genotype040
ZGH0989,Genotype040
ZGH0991,Genotype040
ZGH0993,Genotype040
ZGH0994,Genotype040
ZGH0995,Genotype040
ZGH0997,Genotype040
ZGH0998,Genotype040
ZGH1004,Genotype040
ZGH1008,Genotype040
ZGH1010,Genotype040
ZGH1011,Genotype040
ZGH1012,Genotype040
ZGH1013,Genotype040
ZGH1014,Genotype040
ZGH1016,Genotype040
ZGH1018,Genotype040
ZGH1019,Genotype040
ZGH1020,Genotype040
ZGH1023,Genotype040
ZGH1024,Genotype040
ZGH1025,Genotype040
ZGH1028,Genotype040
ZGH1029,Genotype040
ZGH1031,Genotype040
ZGH1042,Genotype040
ZGH1047,Genotype040
ZGH1048,Genotype040
ZGH1049,Genotype040
ZGH1050,Genotype040
ZGH1052,Genotype040
ZGH1061,Genotype040
ZGH1064,Genotype040
ZGH1065,Genotype040
ZGH1066,Genotype040
ZGH1070,Genotype040
ZGH1071,Genotype040
ZGH1073,Genotype040
ZGH1077,Genotype040
ZGH1078,Genotype040
ZGH1081,Genotype040
ZGH1083,Genotype040
ZGH1085,Genotype040
ZGH1089,Genotype040
ZGH1095,Genotype040
ZGH1097,Genotype040
ZGH1100,Genotype040
ZGH1102,Genotype040
ZGH1103,Genotype040
ZGH1109,Genotype040
ZGH1111,Genotype040
ZGH1112,Genotype040
ZGH1113,Genotype040
ZGH1114,Genotype040
ZGH1116,Genotype040
ZGH1120,Genotype040
ZGH1121,Genotype040
ZGH1122,Genotype040
ZGH1124,Genotype040
ZGH1126,Genotype040
ZGH1132,Genotype040
ZGH1134,Genotype040
ZGH1136,Genotype040
ZGH1167,Genotype040
ZGH1170,Genotype040
ZGH1177,Genotype040
ZGH1180,Genotype040
ZGH1182,Genotype040
ZGH1202,Genotype040
ZGH1206,Genotype040
ZGH1209,Genotype040
GB0454,Genotype041
GB0455,Genotype041
GB0457,Genotype041
GB0458,Genotype041
GB0461,Genotype041
GB0464,Genotype041
GB0465,Genotype041
GB0471,Genotype041
GB0476,Genotype041
GB0479,Genotype041
GB0485,Genotype041
GB0486,Genotype041
GB0487,Genotype041
GB0493,Genotype041
GB0500,Genotype041
GB0513,Genotype041
GB0531,Genotype041
GB0546,Genotype041
GB0556,Genotype041
GB0563,Genotype041
GB0587,Genotype041
WILD014,Genotype041
WILD015,Genotype041
WILD016,Genotype041
GB0460,Genotype042
GB0507,Genotype043
GH0003,Genotype043
GH0004,Genotype043
GH0298,Genotype043
GH0300,Genotype043
GH1098,Genotype043
GH1524,Genotype043
GH1525,Genotype043
GH1526,Genotype043
GH1527,Genotype043
GH1532,Genotype043
GH1534,Genotype043
GHL003,Genotype043
WILD002,Genotype043
WILD009,Genotype043
WILD022,Genotype043
ZGH0642,Genotype043
ZGH1009,Genotype043
ZGH1197,Genotype043
ZGH1208,Genotype043
GH0041,Genotype044
GH0058,Genotype044
GH0089,Genotype044
GH0098,Genotype044
GH0113,Genotype044
GH0153,Genotype044
GH0169,Genotype044
GH0181,Genotype044
GH0200,Genotype044
GH0234,Genotype044
GH0251,Genotype044
GH0258,Genotype044
GH0259,Genotype044
GH0267,Genotype044
GH0283,Genotype044
GH0285,Genotype044
GH0316,Genotype044
GH0323,Genotype044
GH0324,Genotype044
GH0344,Genotype044
GH0346,Genotype044
GH0366,Genotype044
GH0372,Genotype044
GH0375,Genotype044
GH0392,Genotype044
GH0413,Genotype044
GH0431,Genotype044
GH0442,Genotype044
GH0448,Genotype044
GH0473,Genotype044
GH0482,Genotype044
GH0535,Genotype044
GH0546,Genotype044
GH0552,Genotype044
GH0588,Genotype044
GH0589,Genotype044
GH0596,Genotype044
GH0600,Genotype044
GH0643,Genotype044
GH0644,Genotype044
GH0698,Genotype044
GH0706,Genotype044
GH0707,Genotype044
GH0725,Genotype044
GH0736,Genotype044
GH0737,Genotype044
GH0776,Genotype044
GH0779,Genotype044
GH0798,Genotype044
GH0809,Genotype044
GH0838,Genotype044
GH0839,Genotype044
GH0841,Genotype044
GH0844,Genotype044
GH0855,Genotype044
GH0923,Genotype044
GH0928,Genotype044
GH0984,Genotype044
GH1014,Genotype044
GH1022,Genotype044
GH1028,Genotype044
GH1031,Genotype044
GH1040,Genotype044
GH1043,Genotype044
GH1051,Genotype044
GH1058,Genotype044
GH1061,Genotype044
GH1067,Genotype044
GH1089,Genotype044
GH1124,Genotype044
GH1128,Genotype044
GH1129,Genotype044
GH1140,Genotype044
GH1143,Genotype044
GH1157,Genotype044
GH1159,Genotype044
GH1170,Genotype044
GH1182,Genotype044
GH1205,Genotype044
GH1221,Genotype044
GH1224,Genotype044
GH1234,Genotype044
GH1236,Genotype044
GH1241,Genotype044
GH1259,Genotype044
GH1263,Genotype044
GH1282,Genotype044
GH1292,Genotype044
GH1294,Genotype044
GH1299,Genotype044
GH1315,Genotype044
GH1326,Genotype044
GH1332,Genotype044
GH1335,Genotype044
GH1339,Genotype044
GH1356,Genotype044
GH1362,Genotype044
GH1374,Genotype044
GH1400,Genotype044
GH1432,Genotype044
GH1434,Genotype044
GH1474,Genotype044
GH1476,Genotype044
GH1542,Genotype044
GH1658,Genotype044
GH1659,Genotype044
GH1770,Genotype044
GH1820,Genotype044
GH1836,Genotype044
GH1846,Genotype044
GH1865,Genotype044
GH1866,Genotype044
GH1870,Genotype044
GH1872,Genotype044
GH1897,Genotype044
GH1909,Genotype044
GHL031,Genotype044
ZGH0011,Genotype044
ZGH0018,Genotype044
ZGH0046,Genotype044
ZGH0077,Genotype044
ZGH0149,Genotype044
ZGH0201,Genotype044
ZGH0203,Genotype044
ZGH0204,Genotype044
ZGH0205,Genotype044
ZGH0209,Genotype044
ZGH0210,Genotype044
ZGH0213,Genotype044
ZGH0214,Genotype044
ZGH0218,Genotype044
ZGH0291,Genotype044
ZGH0388,Genotype044
ZGH0412,Genotype044
ZGH0419,Genotype044
ZGH0420,Genotype044
ZGH0432,Genotype044
ZGH0433,Genotype044
ZGH0437,Genotype044
ZGH0647,Genotype044
ZGH0682,Genotype044
ZGH0720,Genotype044
ZGH0801,Genotype044
ZGH0921,Genotype044
ZGH0924,Genotype044
ZGH0999,Genotype044
ZGH1005,Genotype044
ZGH1032,Genotype044
ZGH1044,Genotype044
ZGH1091,Genotype044
ZGH1137,Genotype044
ZGH1168,Genotype044
ZGH1181,Genotype044
GH0099,Genotype045
GH0340,Genotype046
GH0622,Genotype047
ZGH0030,Genotype047
GH0654,Genotype048
GH1522,Genotype049
GH1528,Genotype049
GH1529,Genotype049
GH1530,Genotype049
WILD001,Genotype049
WILD008,Genotype049
WILD017,Genotype049
GH1785,Genotype050
GHL001,Genotype051
GHL006,Genotype052
GHL013,Genotype053
GHL018,Genotype054
GHL021,Genotype055
GHL022,Genotype056
GHL026,Genotype057
GHL033,Genotype058
WILD003,Genotype059
WILD004,Genotype060
WILD010,Genotype061
WILD018,Genotype062
ZGH0002,Genotype063
ZGH0003,Genotype064
ZGH0006,Genotype065
ZGH0012,Genotype066
ZGH0013,Genotype067
ZGH0023,Genotype068
ZGH0025,Genotype069
ZGH0028,Genotype070
ZGH0032,Genotype071
ZGH0034,Genotype072
ZGH0036,Genotype073
ZGH0042,Genotype074
ZGH0050,Genotype075
ZGH0377,Genotype076
ZGH0707,Genotype077
ZGH0742,Genotype078
ZGH0811,Genotype079
ZGH0901,Genotype080
ZGH0912,Genotype081
ZGH1006,Genotype082
ZGH1058,Genotype083
